Category,Page,Post Type,Rating,Debate,share_count,reaction_count,comment_count
2,1,4,4,0,96.0,146.0,15.0
2,1,1,3,0,1.0,33.0,34.0
2,1,1,3,0,34.0,63.0,27.0
2,1,1,3,0,35.0,170.0,86.0
2,1,4,3,0,568.0,3188.0,2815.0
2,1,1,3,0,23.0,28.0,21.0
2,1,4,3,0,46.0,409.0,105.0
2,1,1,3,0,7.0,62.0,64.0
2,1,1,3,0,7.0,39.0,6.0
2,1,4,3,0,152.0,278.0,59.0
2,1,1,3,0,8.0,29.0,14.0
2,1,1,3,0,96.0,10.0,0.0
2,1,4,3,0,37.0,507.0,164.0
2,1,1,3,0,4.0,23.0,2.0
2,1,4,3,0,10.0,85.0,29.0
2,1,1,3,0,10.0,41.0,14.0
2,1,4,4,0,3.0,9.0,3.0
2,1,4,3,0,96.0,16.0,20.0
2,1,1,3,0,15.0,276.0,74.0
2,1,1,3,0,56.0,300.0,65.0
2,1,4,3,0,64.0,480.0,130.0
2,1,1,3,0,6.0,33.0,5.0
2,1,4,3,0,289.0,674.0,243.0
2,1,1,3,0,2.0,18.0,11.0
2,1,4,4,0,96.0,24.0,7.0
2,1,4,4,0,5.0,19.0,6.0
2,1,4,3,0,30.0,268.0,177.0
2,1,1,3,0,50.0,157.0,129.0
2,1,4,4,0,96.0,47.0,6.0
2,1,1,3,0,13.0,101.0,73.0
2,1,4,4,0,25.0,207.0,108.0
2,1,1,3,0,2.0,37.0,25.0
2,1,1,3,0,25.0,263.0,87.0
2,1,1,3,0,15.0,106.0,29.0
2,1,1,3,0,3.0,24.0,6.0
2,1,1,3,0,23.0,98.0,8.0
2,1,1,3,0,5.0,36.0,20.0
2,1,1,1,0,117.0,614.0,70.0
2,1,1,3,0,6.0,45.0,23.0
2,1,4,3,0,96.0,233.0,32.0
2,1,4,3,0,24.0,211.0,46.0
2,1,1,3,0,1.0,23.0,15.0
2,1,4,3,0,231.0,572.0,76.0
2,1,1,3,0,31.0,170.0,97.0
2,1,1,3,0,96.0,13.0,4.0
2,1,4,4,0,96.0,39.0,6.0
2,1,4,3,0,104.0,627.0,206.0
2,1,4,3,0,30.0,25.0,13.0
2,1,1,3,0,15.0,209.0,47.0
2,1,1,3,0,3.0,29.0,5.0
2,1,1,3,0,4.0,80.0,44.0
2,1,1,3,0,339.0,430.0,231.0
2,1,1,3,0,96.0,14.0,4.0
2,1,1,3,0,9.0,37.0,12.0
2,1,1,3,0,45.0,273.0,70.0
2,1,1,3,0,96.0,12.0,4.0
2,1,1,3,0,11.0,83.0,57.0
2,1,1,3,0,35.0,243.0,81.0
2,1,4,4,0,96.0,63.0,1.0
2,1,1,3,0,42.0,68.0,48.0
2,1,4,4,0,72.0,137.0,76.0
2,1,1,3,0,7.0,63.0,27.0
2,1,4,3,0,246.0,704.0,386.0
2,1,1,3,0,3.0,98.0,36.0
2,1,1,3,0,119.0,415.0,102.0
2,1,1,3,0,4.0,52.0,18.0
2,1,4,3,0,3.0,47.0,17.0
2,1,3,3,0,2.0,5.0,2.0
2,1,1,1,0,35.0,344.0,48.0
2,1,4,3,0,27.0,345.0,85.0
2,1,1,3,0,4.0,27.0,12.0
2,1,4,3,0,17.0,74.0,22.0
2,1,1,3,0,7.0,35.0,7.0
2,1,1,3,0,11.0,147.0,47.0
2,1,1,3,0,32.0,557.0,143.0
2,1,4,4,0,3.0,20.0,0.0
2,1,1,3,0,1.0,9.0,11.0
2,1,4,3,0,8.0,52.0,10.0
2,1,1,3,0,12.0,144.0,102.0
2,1,1,3,0,8.0,31.0,7.0
2,1,1,3,0,61.0,196.0,73.0
2,1,1,3,0,9.0,52.0,17.0
2,1,1,3,0,6.0,76.0,65.0
2,1,1,3,0,9.0,111.0,30.0
2,1,4,4,0,38.0,138.0,32.0
2,1,4,3,0,8.0,19.0,18.0
2,1,4,3,0,96.0,128.0,5.0
2,1,4,3,0,138.0,277.0,225.0
2,1,1,3,0,18.0,46.0,21.0
2,1,1,3,0,28.0,84.0,27.0
2,1,4,3,0,96.0,10.0,1.0
2,1,1,3,0,5.0,55.0,24.0
2,1,4,3,0,92.0,507.0,17.0
2,1,1,3,0,48.0,194.0,75.0
2,1,1,3,0,7.0,58.0,3.0
2,1,4,3,0,38.0,187.0,105.0
2,1,1,3,0,3.0,16.0,4.0
2,1,1,3,0,2.0,63.0,16.0
2,1,1,3,0,13.0,50.0,25.0
2,1,1,3,0,7.0,181.0,28.0
2,1,1,3,0,6.0,56.0,10.0
2,1,1,3,0,13.0,115.0,44.0
2,1,1,3,0,12.0,147.0,54.0
2,1,4,3,0,9.0,81.0,19.0
2,1,1,3,0,5.0,28.0,5.0
2,1,1,3,0,3.0,99.0,16.0
2,1,1,3,0,22.0,115.0,10.0
2,1,1,3,0,9.0,107.0,21.0
2,1,2,3,0,2.0,12.0,9.0
2,1,1,3,0,1.0,41.0,3.0
2,1,1,3,0,6.0,21.0,8.0
2,1,2,3,0,26.0,178.0,84.0
2,1,1,3,0,20.0,108.0,46.0
2,1,4,3,0,96.0,156.0,15.0
2,1,1,3,0,9.0,74.0,21.0
2,1,1,3,0,81.0,748.0,154.0
2,1,4,3,0,96.0,9.0,11.0
2,1,1,3,0,21.0,160.0,26.0
2,1,1,3,0,7.0,59.0,9.0
2,1,1,3,0,6.0,22.0,8.0
2,1,1,3,0,5.0,61.0,22.0
2,1,1,3,0,4.0,28.0,4.0
2,1,1,3,0,4.0,44.0,32.0
2,1,1,3,0,60.0,262.0,31.0
2,1,1,3,0,5.0,45.0,29.0
2,1,1,3,0,14.0,261.0,59.0
2,1,4,4,0,114.0,169.0,72.0
2,1,1,3,0,11.0,63.0,24.0
2,1,4,3,0,134.0,166.0,33.0
2,1,4,4,0,205.0,1049.0,997.0
2,1,1,3,0,2.0,26.0,23.0
2,1,4,4,0,96.0,35.0,11.0
2,1,1,3,0,7.0,19.0,5.0
2,1,4,4,0,96.0,33.0,13.0
2,1,4,4,0,39.0,109.0,31.0
2,1,4,3,0,27.0,138.0,166.0
2,1,4,3,0,96.0,24.0,12.0
2,1,1,3,0,8.0,22.0,29.0
2,1,4,4,0,121.0,508.0,777.0
2,1,1,3,0,15.0,94.0,54.0
2,1,4,3,0,196.0,1014.0,86.0
2,1,1,4,0,2.0,50.0,34.0
2,1,4,4,0,8.0,104.0,29.0
2,1,1,3,0,29.0,133.0,36.0
2,1,4,4,0,96.0,23.0,13.0
2,1,4,4,0,96.0,13.0,9.0
2,1,4,3,0,19.0,131.0,13.0
2,1,4,4,0,96.0,217.0,79.0
2,1,4,4,0,70.0,398.0,120.0
2,1,4,4,0,5.0,34.0,17.0
2,1,4,3,1,12.0,67.0,23.0
2,1,4,3,1,38.0,154.0,39.0
2,1,1,3,0,10.0,82.0,6.0
2,1,4,3,1,7.0,36.0,13.0
2,1,2,3,1,96.0,2.0,0.0
2,1,2,3,1,20.0,39.0,5.0
2,1,4,3,1,66.0,55.0,25.0
2,1,4,3,1,7.0,29.0,15.0
2,1,2,3,1,7.0,30.0,9.0
2,1,2,3,1,4.0,17.0,8.0
2,1,4,3,1,13.0,43.0,28.0
2,1,2,3,1,3.0,5.0,12.0
2,1,1,3,1,22.0,175.0,67.0
2,1,2,3,1,4.0,26.0,28.0
2,1,1,3,1,10.0,97.0,39.0
2,1,1,4,1,228.0,447.0,147.0
2,1,2,3,1,6.0,43.0,14.0
2,1,4,3,1,37.0,62.0,40.0
2,1,2,3,1,8.0,40.0,16.0
2,1,2,3,1,20.0,207.0,50.0
2,1,2,3,1,4.0,24.0,25.0
2,1,2,3,0,5.0,35.0,17.0
2,1,4,3,1,37.0,110.0,40.0
2,1,4,4,1,96.0,93.0,68.0
2,1,4,3,1,42.0,336.0,93.0
2,1,4,3,1,73.0,204.0,98.0
2,1,4,3,1,96.0,42.0,18.0
2,1,1,3,1,25.0,184.0,56.0
2,1,4,3,1,45.0,366.0,116.0
2,1,1,3,1,8.0,137.0,67.0
2,1,4,3,1,32.0,97.0,59.0
2,1,4,3,1,108.0,673.0,146.0
2,1,1,3,1,3.0,66.0,33.0
2,1,4,3,1,27.0,540.0,119.0
2,1,1,3,0,21.0,185.0,69.0
2,1,1,3,1,19.0,332.0,68.0
2,1,4,3,1,15.0,306.0,100.0
2,1,4,3,1,1104.0,1420.0,230.0
2,1,4,3,1,375.0,915.0,395.0
2,1,1,3,1,14.0,184.0,107.0
2,1,1,3,0,76.0,387.0,59.0
2,1,4,3,0,10.0,10.0,16.0
2,1,1,3,0,7.0,76.0,9.0
2,1,1,3,0,7.0,29.0,6.0
2,1,4,3,0,23.0,422.0,215.0
2,1,1,3,0,9.0,39.0,8.0
2,1,1,3,1,5.0,68.0,42.0
2,1,1,3,1,65.0,461.0,90.0
2,1,4,3,1,13.0,138.0,50.0
2,1,1,3,0,1.0,19.0,3.0
1,2,1,3,0,130.0,1032.0,382.0
1,2,1,1,0,241.0,2027.0,226.0
1,2,1,1,0,991.0,3087.0,313.0
1,2,1,3,0,1190.0,5112.0,293.0
1,2,1,3,0,1018.0,4388.0,122.0
1,2,1,3,0,375.0,3015.0,88.0
1,2,1,3,0,557.0,1597.0,225.0
1,2,1,3,0,894.0,3454.0,325.0
1,2,1,3,0,132.0,866.0,183.0
1,2,1,3,0,1138.0,5281.0,318.0
1,2,1,1,0,1145.0,6552.0,562.0
1,2,1,1,0,8466.0,7584.0,1343.0
1,2,1,3,0,827.0,3491.0,161.0
1,2,1,3,0,426.0,2475.0,124.0
1,2,1,2,0,167.0,862.0,102.0
1,2,1,3,0,896.0,2707.0,305.0
1,2,1,1,0,1400.0,2728.0,707.0
1,2,1,3,0,1935.0,4933.0,444.0
1,2,1,3,0,261.0,931.0,365.0
1,2,1,3,0,1147.0,3403.0,386.0
1,2,1,3,0,248.0,894.0,66.0
1,2,1,2,0,156.0,661.0,107.0
1,2,1,3,0,278.0,1866.0,68.0
1,2,1,1,0,215.0,658.0,144.0
1,2,1,3,0,1082.0,2380.0,436.0
1,2,1,3,0,368.0,922.0,192.0
1,2,1,3,0,202.0,576.0,85.0
1,2,1,3,0,363.0,1621.0,316.0
1,2,1,1,0,4135.0,4589.0,937.0
1,2,1,1,0,1132.0,6369.0,416.0
1,2,1,3,0,658.0,1929.0,390.0
1,2,1,1,0,379.0,3120.0,253.0
1,2,1,1,0,3191.0,8908.0,585.0
1,2,1,2,0,285.0,934.0,153.0
1,2,1,3,0,691.0,1597.0,390.0
1,2,1,3,0,76.0,535.0,135.0
1,2,1,3,0,237.0,1943.0,43.0
1,2,1,3,0,1638.0,6946.0,727.0
1,2,1,3,0,80.0,808.0,131.0
1,2,1,3,0,1048.0,2842.0,426.0
1,2,1,1,0,667.0,1095.0,113.0
1,2,1,3,0,91.0,410.0,54.0
1,2,1,3,0,96.0,3012.0,130.0
1,2,1,1,0,96.0,1952.0,162.0
1,2,1,3,0,2957.0,4918.0,357.0
1,2,1,3,0,9243.0,8634.0,881.0
1,2,1,3,0,1005.0,1989.0,711.0
1,2,1,1,0,128.0,795.0,126.0
1,2,1,3,0,218.0,748.0,154.0
1,2,1,3,0,671.0,2264.0,1030.0
1,2,1,3,0,390.0,1449.0,273.0
1,2,1,4,0,493.0,1404.0,167.0
1,2,1,3,0,255.0,1329.0,79.0
1,2,1,3,0,148.0,925.0,32.0
1,2,1,1,0,258.0,1104.0,191.0
1,2,1,3,0,1742.0,3394.0,431.0
1,2,1,3,0,12.0,71.0,1.0
1,2,1,2,0,96.0,1397.0,708.0
1,2,1,3,0,1005.0,1856.0,290.0
1,2,1,3,0,331.0,1011.0,208.0
1,2,1,3,0,156.0,1706.0,28.0
1,2,1,1,0,709.0,2951.0,82.0
1,2,1,1,0,1475.0,4451.0,511.0
1,2,1,3,0,167.0,832.0,45.0
1,2,1,1,0,1281.0,3973.0,547.0
1,2,1,3,0,270.0,1465.0,103.0
1,2,1,3,0,873.0,4521.0,120.0
1,2,1,1,0,1150.0,3348.0,710.0
1,2,1,2,0,3063.0,3971.0,1006.0
1,2,1,3,0,569.0,2151.0,584.0
1,2,1,3,0,136.0,609.0,30.0
1,2,1,3,0,72.0,542.0,18.0
1,2,1,4,0,205.0,2197.0,98.0
1,2,1,1,0,1222.0,2516.0,676.0
1,2,1,3,0,540.0,1632.0,705.0
1,2,2,4,0,3532.0,6784.0,318.0
1,2,2,4,0,14529.0,12385.0,666.0
1,2,1,1,0,96.0,1265.0,577.0
1,2,2,4,0,1.0,4497.0,402.0
1,2,2,3,0,96.0,4845.0,928.0
1,2,1,3,0,122.0,1641.0,269.0
1,2,1,3,0,189.0,1111.0,619.0
1,2,1,1,1,2426.0,5873.0,1021.0
1,2,1,3,0,115.0,721.0,195.0
1,2,1,3,0,258.0,1900.0,425.0
1,2,1,4,0,234.0,645.0,50.0
1,2,1,3,0,513.0,1685.0,983.0
1,2,1,3,0,98.0,518.0,135.0
1,2,1,3,0,266.0,766.0,158.0
1,2,1,3,0,104.0,1226.0,119.0
1,2,1,3,0,123.0,1180.0,88.0
1,2,1,3,0,465.0,2116.0,186.0
1,2,1,3,0,5028.0,4650.0,660.0
1,2,1,3,0,420.0,1373.0,181.0
1,2,1,2,0,4708.0,13821.0,486.0
1,2,1,3,0,3658.0,9777.0,3388.0
1,2,1,3,0,321.0,3326.0,168.0
1,2,1,3,0,1107.0,2870.0,221.0
1,2,1,3,0,7855.0,7048.0,392.0
1,2,1,3,0,687.0,1673.0,154.0
1,2,1,3,0,930.0,4095.0,428.0
1,2,1,3,0,1354.0,4298.0,209.0
1,2,1,2,0,273.0,2423.0,301.0
1,2,1,3,0,533.0,1635.0,552.0
1,2,1,1,0,298.0,1475.0,279.0
1,2,1,3,0,273.0,1014.0,168.0
1,2,1,3,0,555.0,2176.0,399.0
1,2,1,2,0,4587.0,7960.0,2770.0
1,2,1,3,0,605.0,1767.0,1001.0
1,2,1,4,0,7326.0,12324.0,317.0
1,2,1,3,0,1378.0,2292.0,177.0
1,2,1,3,0,769.0,2745.0,343.0
1,2,1,3,0,1156.0,6117.0,229.0
1,2,4,4,0,96.0,1152.0,124.0
1,2,1,3,0,6180.0,11698.0,442.0
1,2,1,3,1,1444.0,9170.0,1672.0
1,2,1,4,1,131.0,1418.0,83.0
1,2,1,1,1,2283.0,3391.0,373.0
1,2,1,1,1,864.0,2948.0,233.0
1,2,1,3,0,2478.0,5419.0,832.0
1,2,4,3,1,275.0,1452.0,110.0
1,2,1,1,1,818.0,3528.0,402.0
1,2,1,4,1,901.0,4563.0,118.0
1,2,1,3,1,1275.0,3156.0,342.0
1,2,1,3,1,218.0,1808.0,113.0
1,2,1,3,1,247.0,2467.0,126.0
1,2,1,3,1,362.0,3086.0,224.0
1,2,1,3,1,586.0,2327.0,151.0
1,2,1,3,1,276.0,1549.0,417.0
1,2,1,3,0,273.0,1316.0,497.0
1,2,1,3,1,220.0,2193.0,236.0
1,2,1,3,0,2188.0,4154.0,321.0
1,2,1,4,1,305.0,2351.0,153.0
1,2,1,3,1,291.0,1909.0,509.0
1,2,1,3,0,2119.0,4853.0,1404.0
1,2,1,3,1,913.0,5265.0,182.0
1,2,1,3,1,2292.0,7051.0,932.0
1,2,1,3,1,153.0,1054.0,234.0
1,2,1,3,1,1040.0,4425.0,135.0
1,2,1,3,1,4000.0,6878.0,255.0
2,3,1,3,0,8.0,61.0,62.0
2,3,1,3,0,6.0,38.0,39.0
2,3,1,3,0,122.0,521.0,214.0
2,3,1,3,0,19.0,90.0,88.0
2,3,1,3,0,119.0,541.0,206.0
2,3,1,3,0,21.0,135.0,57.0
2,3,1,3,0,58.0,492.0,414.0
2,3,1,3,0,29.0,219.0,136.0
2,3,1,3,0,46.0,634.0,229.0
2,3,1,3,0,33.0,548.0,305.0
2,3,1,3,0,17.0,92.0,66.0
2,3,1,3,0,75.0,404.0,310.0
2,3,1,3,0,21.0,125.0,94.0
2,3,1,3,0,101.0,621.0,564.0
2,3,4,3,0,465.0,4084.0,3299.0
2,3,1,3,0,19.0,132.0,86.0
2,3,4,3,0,787.0,3147.0,1511.0
2,3,1,3,0,78.0,513.0,424.0
2,3,1,3,0,85.0,793.0,403.0
2,3,1,3,0,170.0,1444.0,486.0
2,3,1,3,0,28.0,284.0,150.0
2,3,4,3,0,279.0,1738.0,738.0
2,3,1,3,0,3.0,37.0,51.0
2,3,1,3,0,187.0,1681.0,548.0
2,3,1,3,0,142.0,1063.0,443.0
2,3,1,3,0,87.0,761.0,404.0
2,3,1,3,0,17.0,124.0,40.0
2,3,1,3,0,55.0,299.0,131.0
2,3,1,3,0,46.0,674.0,339.0
2,3,1,3,0,130.0,633.0,426.0
2,3,1,3,0,6.0,56.0,30.0
2,3,1,3,0,72.0,584.0,215.0
2,3,4,3,0,51.0,330.0,584.0
2,3,1,3,0,156.0,377.0,284.0
2,3,1,3,0,11.0,88.0,117.0
2,3,4,3,0,119.0,1687.0,2877.0
2,3,1,3,0,150.0,636.0,382.0
2,3,1,3,0,17.0,138.0,130.0
2,3,1,3,0,95.0,251.0,231.0
2,3,4,3,0,101.0,509.0,251.0
2,3,1,3,0,22.0,285.0,185.0
2,3,4,3,0,72.0,578.0,1003.0
2,3,1,3,0,4.0,32.0,60.0
2,3,1,3,0,224.0,907.0,551.0
2,3,1,3,0,39.0,185.0,277.0
2,3,1,3,0,128.0,694.0,316.0
2,3,1,3,0,36.0,559.0,420.0
2,3,1,3,0,10.0,55.0,57.0
2,3,1,3,0,48.0,355.0,160.0
2,3,1,3,0,33.0,293.0,325.0
2,3,1,3,0,264.0,1274.0,675.0
2,3,1,3,0,36.0,284.0,288.0
2,3,1,1,0,403.0,2518.0,389.0
2,3,1,3,0,17.0,78.0,112.0
2,3,1,3,0,28.0,375.0,204.0
2,3,1,3,0,30.0,162.0,143.0
2,3,1,3,0,1.0,89.0,77.0
2,3,1,3,0,4.0,58.0,45.0
2,3,1,3,0,2.0,36.0,33.0
2,3,1,3,0,9.0,95.0,95.0
2,3,1,3,0,22880.0,6899.0,1145.0
2,3,1,3,0,99.0,888.0,402.0
2,3,1,3,0,554.0,1672.0,1248.0
2,3,1,3,0,103.0,733.0,468.0
2,3,2,4,0,3.0,28.0,61.0
2,3,1,3,0,14.0,116.0,75.0
2,3,1,3,0,19.0,207.0,224.0
2,3,4,3,0,56.0,509.0,297.0
2,3,1,3,0,57.0,451.0,146.0
2,3,1,3,0,39.0,270.0,182.0
2,3,1,3,0,53.0,433.0,204.0
2,3,1,3,0,579.0,2805.0,374.0
2,3,1,3,0,36.0,463.0,230.0
2,3,4,3,0,71.0,833.0,339.0
2,3,1,3,0,7.0,76.0,62.0
2,3,4,3,0,308.0,1560.0,568.0
2,3,4,3,0,513.0,1628.0,1515.0
2,3,1,3,0,31.0,455.0,227.0
2,3,1,3,0,183.0,654.0,258.0
2,3,1,3,0,231.0,1224.0,549.0
2,3,1,3,0,15.0,169.0,100.0
2,3,1,3,0,43.0,293.0,248.0
2,3,1,3,0,187.0,596.0,402.0
2,3,4,3,0,111.0,529.0,583.0
2,3,1,3,0,651.0,1418.0,558.0
2,3,1,3,0,23.0,363.0,147.0
2,3,1,3,0,29.0,68.0,23.0
2,3,1,3,0,288.0,2459.0,587.0
2,3,1,3,0,20.0,164.0,87.0
2,3,1,3,0,37.0,254.0,198.0
2,3,1,3,0,96.0,352.0,122.0
2,3,1,3,0,127.0,1015.0,260.0
2,3,1,1,0,271.0,1554.0,375.0
2,3,1,3,0,41.0,340.0,533.0
2,3,1,3,0,14.0,56.0,48.0
2,3,1,3,0,5.0,39.0,47.0
2,3,1,4,0,2.0,37.0,82.0
2,3,1,3,0,75.0,285.0,187.0
2,3,1,4,0,88.0,555.0,210.0
2,3,1,1,0,269.0,1195.0,255.0
2,3,1,3,0,150.0,208.0,177.0
2,3,1,3,0,71.0,436.0,433.0
2,3,1,3,0,16.0,211.0,123.0
2,3,1,3,0,59.0,371.0,292.0
2,3,1,3,0,14.0,169.0,88.0
2,3,1,3,0,222.0,602.0,351.0
2,3,1,3,0,16.0,67.0,53.0
2,3,1,3,0,9.0,50.0,39.0
2,3,1,3,0,21.0,112.0,129.0
2,3,1,3,0,10.0,44.0,30.0
2,3,1,3,0,18.0,192.0,210.0
2,3,1,3,0,260.0,1042.0,768.0
2,3,1,3,0,25.0,174.0,88.0
2,3,1,3,0,11.0,60.0,70.0
2,3,1,3,0,56.0,184.0,224.0
2,3,1,3,0,64.0,250.0,140.0
2,3,1,3,0,17.0,88.0,56.0
2,3,1,3,0,46.0,259.0,126.0
2,3,1,3,0,53.0,374.0,138.0
2,3,1,3,0,63.0,313.0,138.0
2,3,1,3,0,7.0,93.0,80.0
2,3,4,4,0,945.0,4207.0,327.0
2,3,1,3,0,115.0,775.0,544.0
2,3,1,3,0,27.0,620.0,236.0
2,3,1,3,0,5.0,37.0,35.0
2,3,4,3,0,56.0,386.0,293.0
2,3,4,3,0,148.0,691.0,1333.0
2,3,1,3,0,734.0,2447.0,399.0
2,3,1,3,0,36.0,283.0,95.0
2,3,1,3,0,615.0,2711.0,704.0
2,3,1,3,0,9.0,79.0,46.0
2,3,1,3,0,57.0,326.0,247.0
2,3,1,3,0,153.0,505.0,415.0
2,3,1,3,0,91.0,661.0,290.0
2,3,1,3,0,53.0,211.0,191.0
2,3,1,3,0,6.0,136.0,105.0
2,3,1,3,0,43.0,352.0,271.0
2,3,1,3,0,15.0,85.0,60.0
2,3,1,3,0,67.0,525.0,386.0
2,3,1,4,0,79.0,608.0,1255.0
2,3,1,3,0,52.0,220.0,200.0
2,3,1,3,0,206.0,1860.0,656.0
2,3,1,3,0,11.0,83.0,37.0
2,3,4,3,0,96.0,475.0,252.0
2,3,4,3,0,91.0,430.0,375.0
2,3,1,3,0,100.0,397.0,269.0
2,3,1,3,0,33.0,273.0,203.0
2,3,1,3,0,35.0,463.0,243.0
2,3,4,3,0,218.0,749.0,713.0
2,3,1,3,0,187.0,2369.0,477.0
2,3,1,3,0,75.0,819.0,760.0
2,3,1,3,0,21.0,464.0,188.0
2,3,1,3,0,9.0,46.0,34.0
2,3,1,3,0,127.0,167.0,81.0
2,3,1,3,0,79.0,604.0,256.0
2,3,1,3,0,8.0,51.0,36.0
2,3,1,3,0,217.0,2790.0,349.0
2,3,1,3,0,537.0,1723.0,440.0
2,3,1,3,0,152.0,431.0,276.0
2,3,1,3,0,53.0,299.0,262.0
2,3,1,3,0,18.0,100.0,122.0
2,3,1,3,0,87.0,459.0,132.0
2,3,1,3,0,209.0,2033.0,500.0
2,3,1,3,0,279.0,2409.0,537.0
2,3,1,3,0,21.0,307.0,218.0
2,3,1,3,0,31.0,377.0,103.0
2,3,1,3,0,27.0,177.0,98.0
2,3,1,3,0,13.0,57.0,45.0
2,3,1,3,0,26.0,66.0,80.0
2,3,1,3,0,29.0,171.0,72.0
2,3,1,3,0,16.0,73.0,62.0
2,3,1,3,0,128.0,392.0,96.0
2,3,1,3,0,38.0,171.0,72.0
2,3,1,3,0,39.0,143.0,103.0
2,3,2,3,0,8.0,50.0,21.0
2,3,1,3,0,8.0,529.0,196.0
2,3,1,3,0,315.0,1499.0,361.0
2,3,4,3,0,271.0,1234.0,387.0
2,3,1,3,0,10.0,77.0,64.0
2,3,1,3,1,110.0,513.0,191.0
2,3,1,3,0,6.0,45.0,30.0
2,3,1,3,0,11.0,140.0,150.0
2,3,1,3,0,136.0,685.0,208.0
2,3,1,3,0,25.0,121.0,111.0
2,3,1,3,0,619.0,3588.0,187.0
2,3,1,3,0,55.0,353.0,171.0
2,3,1,3,0,20.0,181.0,182.0
2,3,1,3,0,133.0,802.0,541.0
2,3,1,3,0,27.0,426.0,108.0
2,3,1,3,0,6.0,48.0,88.0
2,3,1,3,0,99.0,413.0,194.0
2,3,2,4,0,6.0,47.0,52.0
2,3,1,3,0,23.0,80.0,110.0
2,3,4,3,0,185.0,1039.0,756.0
2,3,1,3,0,14.0,111.0,174.0
2,3,1,3,0,129.0,764.0,403.0
2,3,1,3,0,14.0,136.0,59.0
2,3,1,3,0,26.0,152.0,203.0
2,3,4,3,0,74.0,703.0,976.0
2,3,1,3,0,25.0,231.0,178.0
2,3,4,3,0,143.0,1599.0,1732.0
2,3,1,3,0,17.0,98.0,160.0
2,3,1,3,0,24.0,286.0,177.0
2,3,1,3,0,218.0,1016.0,411.0
2,3,1,3,0,7.0,41.0,18.0
2,3,4,3,0,31.0,139.0,58.0
2,3,1,3,0,17.0,100.0,74.0
2,3,1,3,0,25.0,206.0,103.0
2,3,1,3,0,7.0,52.0,65.0
2,3,1,3,0,109.0,564.0,396.0
2,3,1,3,0,24.0,238.0,88.0
2,3,1,3,0,21.0,123.0,82.0
2,3,1,3,0,15.0,77.0,59.0
2,3,1,3,0,32.0,87.0,51.0
2,3,1,3,0,6.0,50.0,55.0
2,3,1,3,0,21.0,452.0,372.0
2,3,1,3,0,21.0,56.0,59.0
2,3,1,3,0,19.0,219.0,144.0
2,3,1,3,0,215.0,558.0,250.0
2,3,1,3,0,21.0,237.0,160.0
2,3,1,3,0,7.0,50.0,21.0
2,3,1,3,0,88.0,799.0,344.0
2,3,1,3,0,79.0,985.0,430.0
2,3,1,3,0,107.0,700.0,194.0
2,3,1,3,0,13.0,114.0,194.0
2,3,1,3,0,56.0,371.0,200.0
2,3,1,3,0,12.0,82.0,53.0
2,3,1,3,0,1447.0,2251.0,1183.0
2,3,1,3,0,19.0,93.0,48.0
2,3,1,3,0,65.0,225.0,168.0
2,3,1,3,0,25.0,200.0,92.0
2,3,1,3,0,53.0,268.0,83.0
2,3,3,3,0,4.0,95.0,103.0
2,3,1,3,0,12.0,75.0,44.0
2,3,1,3,0,309.0,2061.0,861.0
2,3,4,3,0,39.0,144.0,62.0
2,3,1,3,0,267.0,3169.0,451.0
2,3,1,3,0,57.0,205.0,89.0
2,3,1,3,0,5.0,83.0,81.0
2,3,4,3,0,46.0,186.0,26.0
2,3,1,3,0,14.0,197.0,111.0
2,3,1,3,0,23.0,60.0,50.0
2,3,1,3,0,64.0,459.0,279.0
2,3,1,3,0,53.0,520.0,167.0
2,3,1,3,0,19.0,141.0,45.0
2,3,1,3,0,206.0,1879.0,499.0
2,3,1,3,0,235.0,1614.0,256.0
2,3,1,3,0,11.0,71.0,48.0
2,3,4,3,0,112.0,738.0,174.0
2,3,1,3,0,104.0,956.0,353.0
2,3,1,3,0,14.0,178.0,125.0
2,3,1,3,0,12.0,153.0,106.0
2,3,1,3,0,15.0,250.0,178.0
2,3,1,3,0,62.0,339.0,137.0
2,3,1,3,0,46.0,162.0,195.0
2,3,1,3,0,62.0,445.0,182.0
2,3,1,3,0,186.0,904.0,606.0
2,3,1,1,0,13.0,41.0,30.0
2,3,1,3,0,90.0,728.0,238.0
2,3,1,3,0,30.0,209.0,45.0
2,3,1,3,0,153.0,584.0,331.0
2,3,1,3,0,10.0,92.0,68.0
2,3,1,3,0,21.0,188.0,209.0
2,3,1,3,0,25.0,108.0,156.0
2,3,1,3,0,83.0,198.0,101.0
2,3,1,3,0,32.0,420.0,193.0
2,3,1,3,0,2972.0,6980.0,5400.0
2,3,1,3,0,101.0,927.0,87.0
2,3,1,3,0,497.0,3244.0,437.0
2,3,1,3,0,31.0,129.0,57.0
2,3,1,3,0,68.0,231.0,61.0
2,3,1,3,0,23.0,215.0,70.0
2,3,1,3,0,36.0,273.0,143.0
2,3,1,3,0,21.0,156.0,181.0
2,3,1,3,0,79.0,435.0,409.0
2,3,1,3,0,20.0,128.0,85.0
2,3,1,3,0,11.0,219.0,215.0
2,3,1,3,0,28.0,233.0,122.0
2,3,1,3,0,9.0,71.0,65.0
2,3,1,3,0,31.0,140.0,58.0
2,3,1,3,0,20.0,46.0,33.0
2,3,1,3,0,31.0,137.0,91.0
2,3,1,3,0,18.0,79.0,88.0
2,3,1,3,0,100.0,357.0,162.0
2,3,1,3,0,70.0,254.0,164.0
2,3,4,3,0,43.0,130.0,96.0
2,3,1,3,0,216.0,344.0,163.0
2,3,1,3,0,35.0,228.0,69.0
2,3,4,3,0,184.0,1490.0,597.0
2,3,4,3,0,79.0,156.0,40.0
2,3,4,3,0,24.0,136.0,150.0
2,3,1,3,0,52.0,692.0,355.0
2,3,1,3,0,19.0,101.0,30.0
2,3,1,3,0,115.0,256.0,119.0
2,3,1,3,0,6.0,46.0,41.0
2,3,1,3,0,14.0,60.0,98.0
2,3,1,3,0,13.0,75.0,52.0
2,3,1,3,0,22.0,306.0,61.0
2,3,4,3,0,96.0,51.0,72.0
2,3,1,3,0,155.0,2083.0,275.0
2,3,4,3,0,40.0,302.0,272.0
2,3,1,3,0,30.0,356.0,218.0
2,3,4,3,0,158.0,463.0,279.0
2,3,1,3,0,16.0,126.0,34.0
2,3,4,3,0,129.0,561.0,1288.0
2,3,1,3,0,22.0,162.0,140.0
2,3,1,3,0,5.0,47.0,52.0
2,3,4,3,0,73.0,503.0,801.0
2,3,1,3,0,48.0,311.0,256.0
2,3,4,3,0,37.0,255.0,357.0
2,3,1,3,0,20.0,61.0,113.0
2,3,4,3,0,39.0,343.0,390.0
2,3,1,3,0,243.0,1156.0,334.0
2,3,2,4,0,83.0,207.0,183.0
2,3,1,3,0,29.0,175.0,92.0
2,3,4,3,0,69.0,365.0,675.0
2,3,1,3,0,143.0,1013.0,488.0
2,3,4,3,0,96.0,365.0,675.0
2,3,1,3,0,81.0,829.0,263.0
2,3,1,3,0,291.0,2408.0,185.0
2,3,1,3,0,22.0,135.0,70.0
2,3,1,3,0,17.0,80.0,53.0
2,3,2,4,0,70.0,153.0,116.0
2,3,4,3,0,71.0,351.0,557.0
2,3,1,3,0,24.0,409.0,94.0
2,3,1,3,0,20.0,255.0,165.0
2,3,2,4,1,68.0,219.0,166.0
2,3,4,3,1,157.0,401.0,396.0
2,3,4,3,1,245.0,1304.0,864.0
2,3,4,3,1,379.0,855.0,454.0
2,3,4,3,1,60.0,314.0,279.0
2,3,4,3,1,84.0,646.0,301.0
2,3,4,3,1,363.0,1706.0,467.0
2,3,4,3,1,339.0,1295.0,458.0
2,3,1,4,0,16.0,194.0,166.0
2,3,4,3,1,104.0,832.0,343.0
2,3,4,3,1,786.0,3868.0,609.0
2,3,4,3,1,151.0,1101.0,639.0
2,3,4,3,1,135.0,739.0,405.0
2,3,4,3,1,115.0,566.0,322.0
2,3,4,3,1,1585.0,7051.0,1467.0
2,3,1,3,1,41.0,410.0,317.0
2,3,4,3,1,433.0,1476.0,1180.0
2,3,1,3,1,24.0,230.0,189.0
2,3,1,3,1,1218.0,2415.0,815.0
2,3,1,4,1,45.0,211.0,189.0
2,3,4,4,1,232.0,800.0,302.0
2,3,1,3,1,388.0,1247.0,283.0
2,3,2,3,1,34.0,82.0,36.0
2,3,2,3,0,345.0,908.0,260.0
2,3,1,3,1,186.0,979.0,634.0
2,3,1,4,1,61.0,670.0,382.0
2,3,4,3,1,233.0,691.0,231.0
2,3,4,3,1,135.0,279.0,174.0
2,3,1,4,1,24.0,271.0,128.0
2,3,4,3,1,353.0,1011.0,374.0
2,3,1,3,1,206.0,980.0,400.0
2,3,1,3,1,1532.0,5976.0,1301.0
2,3,1,3,1,222.0,2066.0,189.0
2,3,1,3,1,30.0,390.0,196.0
2,3,1,3,1,42.0,360.0,208.0
2,3,1,3,1,82.0,565.0,186.0
2,3,4,4,1,2277.0,3188.0,1660.0
2,3,4,4,1,117.0,304.0,270.0
2,3,4,3,1,177.0,1184.0,1121.0
2,3,4,3,0,110.0,627.0,516.0
2,3,4,3,0,125.0,656.0,410.0
2,3,1,3,0,66.0,543.0,163.0
2,3,1,3,0,822.0,5179.0,2543.0
2,3,4,4,0,135.0,872.0,901.0
2,3,4,3,0,29.0,258.0,161.0
2,3,4,3,1,268.0,3747.0,840.0
2,3,1,3,1,30.0,284.0,122.0
2,3,1,3,0,7.0,157.0,140.0
2,3,1,4,0,10.0,78.0,141.0
2,3,4,3,1,65.0,907.0,398.0
2,3,4,3,0,115.0,1001.0,523.0
2,3,4,3,0,281.0,2707.0,2422.0
2,3,1,4,1,21.0,116.0,149.0
2,3,1,3,0,4.0,49.0,48.0
2,3,1,3,1,17.0,149.0,220.0
2,3,1,3,0,8.0,95.0,47.0
2,3,1,4,0,19.0,360.0,186.0
2,3,4,3,1,47.0,427.0,653.0
2,3,1,3,0,271.0,1348.0,1004.0
2,3,1,3,0,9.0,81.0,40.0
2,3,1,3,0,17.0,49.0,58.0
2,3,1,3,1,221.0,2002.0,630.0
2,3,1,3,0,23.0,197.0,144.0
2,3,1,3,0,198.0,1891.0,266.0
2,3,1,3,0,47.0,119.0,61.0
2,3,1,3,1,39.0,318.0,226.0
2,3,1,3,0,14.0,79.0,65.0
2,3,1,3,0,145.0,886.0,539.0
2,3,1,3,0,88.0,717.0,57.0
2,3,1,3,0,77.0,235.0,105.0
2,3,1,3,0,40.0,649.0,294.0
2,3,1,3,0,6.0,195.0,155.0
2,3,1,3,0,24.0,311.0,104.0
2,3,1,3,0,405.0,1911.0,1332.0
2,3,1,3,0,9.0,64.0,94.0
2,3,1,3,0,295.0,2703.0,437.0
2,3,1,3,0,76.0,747.0,566.0
2,3,1,3,0,269.0,2278.0,224.0
2,3,1,3,0,43.0,452.0,305.0
2,3,1,3,0,171.0,484.0,320.0
2,3,1,3,0,174.0,1394.0,626.0
2,3,1,3,0,30.0,285.0,230.0
2,3,1,3,0,577.0,4284.0,655.0
3,4,2,4,0,593.0,639.0,29.0
3,4,2,4,0,89.0,200.0,5.0
3,4,1,2,0,1966.0,1773.0,82.0
3,4,2,4,0,155.0,819.0,6.0
3,4,2,2,0,7577.0,2989.0,146.0
3,4,2,4,0,1193.0,1099.0,263.0
3,4,1,1,0,101.0,190.0,36.0
3,4,1,4,0,22.0,111.0,6.0
3,4,1,4,0,6.0,17.0,3.0
3,4,1,1,0,29.0,174.0,8.0
3,4,1,3,0,38.0,114.0,14.0
3,4,1,3,0,26.0,71.0,34.0
3,4,1,3,0,21.0,38.0,4.0
3,4,1,2,0,1507.0,1107.0,147.0
3,4,1,1,0,17.0,63.0,32.0
3,4,1,1,0,201.0,224.0,40.0
3,4,1,3,0,12.0,50.0,37.0
3,4,1,2,0,138.0,212.0,80.0
3,4,1,1,0,264.0,290.0,10.0
3,4,1,3,0,2.0,18.0,5.0
3,4,1,3,0,6.0,31.0,0.0
3,4,1,1,0,18.0,32.0,12.0
3,4,1,3,0,2828.0,1537.0,612.0
3,4,1,3,0,210.0,279.0,278.0
3,4,1,1,0,28.0,70.0,37.0
3,4,1,3,0,54.0,178.0,123.0
3,4,1,3,0,74.0,154.0,92.0
3,4,2,4,0,500.0,467.0,16.0
3,4,2,4,0,99.0,182.0,31.0
3,4,2,1,0,266.0,318.0,32.0
3,4,1,1,0,182.0,114.0,14.0
3,4,1,1,0,170.0,335.0,83.0
3,4,1,3,0,5.0,27.0,3.0
3,4,1,1,0,58.0,75.0,18.0
3,4,1,3,0,218.0,493.0,94.0
3,4,1,3,0,36.0,48.0,3.0
3,4,1,2,0,3304.0,1996.0,220.0
3,4,1,3,0,40.0,205.0,19.0
3,4,1,3,0,14.0,35.0,9.0
3,4,1,2,0,75.0,140.0,11.0
3,4,4,4,0,96.0,73.0,14.0
3,4,2,4,0,382.0,789.0,18.0
3,4,2,4,0,926.0,700.0,22.0
3,4,1,3,0,230.0,247.0,43.0
3,4,1,3,0,40.0,60.0,9.0
3,4,1,4,0,4.0,9.0,1.0
3,4,1,4,0,1474.0,1176.0,40.0
3,4,1,2,0,40.0,42.0,13.0
3,4,1,4,0,82.0,61.0,1.0
3,4,1,3,0,10126.0,4068.0,1641.0
3,4,1,4,0,10.0,19.0,9.0
3,4,1,1,0,106.0,79.0,14.0
3,4,1,3,0,104.0,95.0,65.0
3,4,1,2,0,2778.0,1063.0,165.0
3,4,1,3,0,46.0,58.0,15.0
3,4,2,4,0,88.0,156.0,4.0
3,4,2,4,0,790.0,1159.0,24.0
3,4,1,4,0,276.0,667.0,50.0
3,4,2,4,0,2153.0,2679.0,58.0
3,4,2,4,0,3672.0,2958.0,53.0
3,4,2,4,0,4277.0,4229.0,1255.0
3,4,1,1,0,1878.0,2715.0,137.0
3,4,1,3,0,30.0,78.0,17.0
3,4,1,3,0,47.0,107.0,87.0
3,4,1,3,0,317.0,799.0,221.0
3,4,1,3,0,25.0,68.0,7.0
3,4,1,3,0,234.0,1191.0,51.0
3,4,1,4,0,636.0,522.0,23.0
3,4,1,4,0,180.0,916.0,17.0
3,4,1,4,0,16.0,22.0,2.0
3,4,1,4,0,12.0,18.0,2.0
3,4,1,3,0,570.0,688.0,122.0
3,4,1,3,0,42.0,85.0,7.0
3,4,1,4,0,36.0,83.0,2.0
3,4,1,1,0,47.0,220.0,32.0
3,4,1,3,0,2828.0,1537.0,612.0
3,4,1,1,0,2146.0,1436.0,361.0
3,4,1,2,0,32.0,66.0,42.0
3,4,1,1,0,31.0,91.0,4.0
3,4,1,2,0,559.0,534.0,31.0
3,4,1,3,0,54.0,178.0,123.0
3,4,4,4,0,96.0,62.0,4.0
3,4,2,4,0,745.0,769.0,28.0
3,4,2,4,0,737.0,1063.0,23.0
3,4,2,4,0,320.0,540.0,30.0
3,4,2,4,0,292.0,300.0,4.0
3,4,2,4,0,256.0,443.0,16.0
3,4,1,3,0,32.0,16.0,10.0
3,4,1,1,0,4.0,31.0,27.0
3,4,1,1,0,362.0,452.0,260.0
3,4,1,4,0,12.0,12.0,2.0
3,4,1,4,0,52.0,206.0,7.0
3,4,1,3,0,56.0,86.0,51.0
3,4,1,1,0,72.0,85.0,5.0
3,4,1,4,0,82.0,67.0,6.0
3,4,1,2,0,858.0,496.0,50.0
3,4,1,3,0,56.0,273.0,310.0
3,4,1,2,0,186.0,164.0,51.0
3,4,1,3,0,160.0,561.0,43.0
3,4,1,3,0,44.0,126.0,96.0
3,4,2,4,0,450.0,594.0,27.0
3,4,2,4,0,837.0,1176.0,44.0
3,4,2,4,0,569.0,811.0,31.0
3,4,2,4,0,370.0,580.0,22.0
3,4,2,4,0,307.0,420.0,12.0
3,4,1,1,0,184.0,343.0,87.0
3,4,1,3,0,40.0,134.0,45.0
3,4,1,4,0,96.0,177.0,41.0
3,4,1,3,0,96.0,123.0,16.0
3,4,1,2,0,707.0,725.0,39.0
3,4,1,3,0,134.0,425.0,17.0
3,4,1,3,0,86.0,526.0,19.0
3,4,1,4,0,149.0,318.0,337.0
3,4,1,1,0,110.0,213.0,13.0
3,4,1,4,0,296.0,503.0,17.0
3,4,1,3,0,188.0,356.0,30.0
3,4,1,3,0,46.0,58.0,15.0
3,4,1,3,0,235.0,257.0,51.0
3,4,1,1,0,98.0,124.0,26.0
3,4,1,2,0,509.0,512.0,182.0
3,4,1,1,0,39.0,114.0,21.0
3,4,1,2,0,2778.0,1063.0,165.0
3,4,1,2,0,225.0,326.0,32.0
3,4,4,4,0,96.0,87.0,0.0
3,4,2,1,0,593.0,732.0,20.0
3,4,2,4,0,55.0,135.0,10.0
3,4,1,1,0,494.0,726.0,61.0
3,4,2,2,0,980.0,1509.0,59.0
3,4,1,3,0,30.0,61.0,3.0
3,4,1,1,0,92.0,108.0,41.0
3,4,1,4,0,402.0,337.0,15.0
3,4,1,3,0,52.0,62.0,16.0
3,4,1,1,0,3490.0,1991.0,426.0
3,4,1,1,0,22840.0,5967.0,3298.0
3,4,1,3,0,8.0,39.0,61.0
3,4,1,4,0,32.0,14.0,3.0
3,4,1,2,0,32.0,121.0,34.0
3,4,1,1,0,108.0,444.0,523.0
3,4,1,3,0,92.0,226.0,43.0
3,4,1,3,0,2.0,21.0,14.0
3,4,2,3,0,44.0,167.0,6.0
3,4,1,3,0,4.0,30.0,13.0
3,4,2,1,0,17586.0,5662.0,628.0
3,4,1,4,0,417.0,1598.0,288.0
3,4,2,4,0,431.0,499.0,18.0
3,4,1,1,0,4.0,115.0,13.0
3,4,1,1,0,3657.0,3249.0,143.0
3,4,1,3,0,386.0,1128.0,63.0
3,4,1,2,0,3021.0,1962.0,346.0
3,4,1,3,0,70.0,425.0,17.0
3,4,1,2,0,481.0,677.0,146.0
3,4,1,1,0,967.0,3367.0,230.0
3,4,1,3,0,134.0,381.0,22.0
3,4,1,3,0,10.0,59.0,1.0
3,4,1,3,0,19.0,82.0,6.0
3,4,1,2,0,186.0,164.0,51.0
3,4,1,1,0,243.0,513.0,74.0
3,4,1,3,0,13.0,59.0,7.0
3,4,1,3,0,32.0,62.0,4.0
3,4,1,3,0,52.0,111.0,14.0
3,4,1,3,0,858.0,496.0,50.0
3,4,1,3,0,1944.0,1425.0,359.0
3,4,1,2,0,127.0,401.0,114.0
3,4,4,4,0,38.0,220.0,176.0
3,4,4,4,0,96.0,169.0,19.0
3,4,2,4,0,1522.0,726.0,184.0
3,4,2,3,0,1214.0,2394.0,37.0
3,4,1,1,0,102.0,284.0,8.0
3,4,1,3,0,31.0,193.0,4.0
3,4,2,3,0,252.0,429.0,16.0
3,4,1,1,0,31.0,96.0,9.0
3,4,1,1,0,84.0,115.0,12.0
3,4,1,1,0,69.0,230.0,3.0
3,4,1,3,0,4.0,12.0,1.0
3,4,1,3,0,20.0,73.0,9.0
3,4,1,3,0,116.0,455.0,18.0
3,4,1,3,0,12.0,19.0,27.0
3,4,1,3,0,42.0,60.0,35.0
3,4,1,4,0,34.0,40.0,18.0
3,4,1,4,0,6.0,2.0,3.0
3,4,1,4,0,244.0,252.0,8.0
3,4,1,3,0,240.0,221.0,96.0
3,4,1,3,0,74.0,112.0,28.0
3,4,1,1,0,754.0,413.0,85.0
3,4,1,3,0,18.0,109.0,85.0
3,4,1,3,0,42.0,83.0,55.0
3,4,1,3,0,90.0,207.0,212.0
3,4,2,4,0,165.0,231.0,13.0
3,4,2,4,0,1269.0,1889.0,57.0
3,4,1,3,0,65.0,156.0,51.0
3,4,1,1,0,75.0,201.0,17.0
3,4,1,3,0,164.0,616.0,19.0
3,4,1,3,0,19.0,28.0,8.0
3,4,1,3,0,57.0,186.0,16.0
3,4,1,3,0,4.0,21.0,2.0
3,4,1,3,0,868.0,1146.0,71.0
3,4,1,4,0,70.0,185.0,40.0
3,4,1,3,0,72.0,184.0,24.0
3,4,1,3,0,5.0,29.0,5.0
3,4,1,3,0,42.0,117.0,12.0
3,4,1,3,0,194.0,756.0,227.0
3,4,1,3,0,92.0,226.0,43.0
3,4,1,4,0,461.0,423.0,35.0
3,4,1,3,0,8.0,35.0,14.0
3,4,1,4,0,12.0,79.0,2.0
3,4,4,4,0,96.0,80.0,7.0
3,4,2,2,0,5870.0,2856.0,122.0
3,4,2,4,0,293.0,500.0,18.0
3,4,2,4,0,547.0,1045.0,11.0
3,4,1,4,0,40.0,38.0,6.0
3,4,1,1,0,28.0,72.0,20.0
3,4,1,3,0,50.0,51.0,33.0
3,4,1,4,0,4.0,27.0,6.0
3,4,1,3,0,42.0,169.0,6.0
3,4,1,3,0,36.0,84.0,34.0
3,4,1,3,0,16.0,15.0,5.0
3,4,1,4,0,4.0,29.0,5.0
3,4,1,1,0,362.0,192.0,35.0
3,4,1,3,0,22.0,59.0,6.0
3,4,1,1,0,836.0,775.0,129.0
3,4,1,3,0,8.0,14.0,9.0
3,4,1,3,0,472.0,452.0,55.0
3,4,2,4,0,39.0,115.0,17.0
3,4,2,4,0,3372.0,2736.0,93.0
3,4,1,2,0,1639.0,1150.0,45.0
3,4,1,3,0,166.0,513.0,3.0
3,4,1,4,0,101.0,185.0,18.0
3,4,1,1,0,41.0,150.0,14.0
3,4,1,4,0,15.0,57.0,1.0
3,4,1,3,0,5.0,18.0,5.0
3,4,2,4,0,96.0,855.0,18.0
3,4,1,3,0,30.0,74.0,5.0
3,4,1,3,0,2.0,27.0,1.0
3,4,1,3,0,5.0,30.0,2.0
3,4,1,1,0,172.0,249.0,72.0
3,4,1,2,0,1178.0,3724.0,67.0
3,4,1,3,0,20.0,99.0,7.0
3,4,1,2,0,140.0,127.0,12.0
3,4,1,3,0,57.0,240.0,90.0
3,4,1,3,0,284.0,587.0,275.0
3,4,1,4,0,650.0,1138.0,27.0
3,4,1,1,0,3.0,53.0,7.0
3,4,1,3,0,23.0,46.0,16.0
3,4,1,3,0,50.0,96.0,9.0
3,4,1,3,0,64.0,154.0,8.0
3,4,1,1,1,126.0,467.0,29.0
3,4,4,4,1,96.0,60.0,17.0
3,4,2,4,0,1209.0,1278.0,102.0
3,4,4,1,1,96.0,66.0,32.0
3,4,1,4,0,50.0,113.0,18.0
3,4,1,2,0,22.0,18.0,5.0
3,4,1,4,0,32.0,236.0,14.0
3,4,1,3,0,2.0,23.0,3.0
3,4,1,2,0,264.0,235.0,47.0
3,4,1,4,0,4.0,11.0,0.0
3,4,1,2,0,1456.0,1071.0,116.0
3,4,1,3,0,14.0,19.0,1.0
3,4,1,3,0,12.0,51.0,73.0
3,4,1,3,0,108.0,162.0,5.0
3,4,1,1,0,1340.0,1270.0,130.0
3,4,1,3,0,76.0,149.0,3.0
3,4,1,1,0,308.0,435.0,512.0
3,4,1,3,0,14.0,28.0,15.0
3,4,1,1,0,474.0,1071.0,15.0
3,4,1,3,1,2.0,44.0,31.0
3,4,2,4,0,836.0,1030.0,22.0
3,4,2,4,0,1403.0,1688.0,25.0
3,4,2,4,0,402.0,398.0,9.0
3,4,1,3,0,213.0,1404.0,67.0
3,4,1,3,0,12.0,48.0,53.0
3,4,1,3,0,2057.0,1681.0,166.0
3,4,1,3,0,175.0,563.0,32.0
3,4,1,3,0,19.0,40.0,13.0
3,4,1,1,0,11.0,40.0,7.0
3,4,1,3,0,15.0,26.0,6.0
3,4,1,3,0,100.0,173.0,10.0
3,4,1,3,0,76.0,149.0,3.0
3,4,1,2,1,380.0,568.0,47.0
3,4,1,3,1,225.0,527.0,135.0
3,4,1,4,0,49.0,116.0,7.0
3,4,1,3,0,14.0,24.0,0.0
3,4,1,3,0,100.0,224.0,27.0
3,4,1,1,0,1340.0,1270.0,130.0
3,4,1,3,0,16.0,53.0,16.0
3,4,1,1,0,14.0,61.0,0.0
3,4,4,3,0,96.0,27.0,6.0
3,5,1,3,0,1511.0,2281.0,191.0
3,5,1,2,0,572.0,1148.0,204.0
3,5,1,3,0,65.0,185.0,8.0
3,5,1,3,0,947.0,1689.0,535.0
3,5,1,1,0,2965.0,4607.0,3728.0
3,5,1,2,0,13305.0,9490.0,932.0
3,5,1,3,0,728.0,3120.0,84.0
3,5,1,4,0,3442.0,6399.0,242.0
3,5,1,3,0,3700.0,14954.0,2563.0
3,5,1,3,0,1860.0,9912.0,299.0
3,5,1,2,0,4595.0,4899.0,256.0
3,5,1,3,0,1203.0,1956.0,715.0
3,5,1,3,0,246.0,2809.0,73.0
3,5,1,1,0,95.0,259.0,16.0
3,5,1,3,0,197.0,655.0,144.0
3,5,1,3,0,734.0,3052.0,91.0
3,5,1,2,0,54.0,109.0,39.0
3,5,1,1,0,82.0,857.0,49.0
3,5,1,1,0,981.0,6376.0,384.0
3,5,1,3,0,1747.0,4987.0,774.0
3,5,1,1,0,51.0,170.0,24.0
3,5,1,1,0,130.0,271.0,27.0
3,5,1,1,0,71.0,180.0,58.0
3,5,1,3,0,2382.0,4632.0,854.0
3,5,1,3,0,106.0,769.0,294.0
3,5,1,3,0,1279.0,3339.0,420.0
3,5,1,2,0,3697.0,5811.0,206.0
3,5,1,2,0,18054.0,17705.0,1487.0
3,5,1,1,0,334.0,1303.0,55.0
3,5,1,3,0,182.0,781.0,267.0
3,5,1,3,0,104.0,572.0,166.0
3,5,1,2,0,2889.0,4174.0,925.0
3,5,1,1,0,6053.0,8949.0,5697.0
3,5,1,3,0,1791.0,4120.0,137.0
3,5,1,1,0,32.0,138.0,58.0
3,5,1,1,0,137.0,265.0,37.0
3,5,1,3,0,3304.0,3561.0,1443.0
3,5,1,2,0,1474.0,2551.0,538.0
3,5,1,3,0,319.0,929.0,84.0
3,5,1,2,0,192.0,578.0,114.0
3,5,1,3,0,1048.0,2905.0,310.0
3,5,1,1,0,1346.0,2245.0,803.0
3,5,1,2,0,1581.0,2342.0,101.0
3,5,1,3,0,4058.0,4494.0,449.0
3,5,1,3,0,130.0,531.0,73.0
3,5,1,3,0,5138.0,4696.0,3237.0
3,5,1,3,0,502.0,934.0,134.0
3,5,1,3,0,7234.0,21249.0,692.0
3,5,1,2,0,143.0,525.0,115.0
3,5,1,2,0,2492.0,3661.0,244.0
3,5,1,1,0,6271.0,16334.0,480.0
3,5,1,3,0,93.0,316.0,165.0
3,5,1,3,0,1121.0,6404.0,129.0
3,5,1,2,0,2590.0,4088.0,351.0
3,5,1,2,0,317.0,1011.0,384.0
3,5,1,3,0,20.0,336.0,10.0
3,5,1,1,0,1760.0,5415.0,618.0
3,5,1,2,0,1372.0,3258.0,3183.0
3,5,1,2,0,1147.0,2340.0,696.0
3,5,1,3,0,304.0,1204.0,37.0
3,5,1,3,0,876.0,2476.0,111.0
3,5,1,1,0,1136.0,1716.0,441.0
3,5,1,1,0,215.0,988.0,67.0
3,5,1,1,0,5817.0,5148.0,186.0
3,5,1,1,0,349.0,622.0,311.0
3,5,1,1,0,151.0,652.0,201.0
3,5,1,2,0,1670.0,2359.0,870.0
3,5,1,3,0,54.0,757.0,41.0
3,5,1,3,0,209.0,980.0,40.0
3,5,3,1,0,3.0,47.0,7.0
3,5,1,2,0,3925.0,15781.0,297.0
3,5,1,3,0,120.0,492.0,214.0
3,5,1,2,0,1175.0,1568.0,242.0
3,5,1,4,0,29.0,159.0,65.0
3,5,1,1,0,295.0,854.0,100.0
3,5,1,3,0,31.0,145.0,16.0
3,5,1,2,0,6535.0,14003.0,825.0
3,5,1,2,0,14024.0,9536.0,2247.0
3,5,1,3,0,258.0,747.0,144.0
3,5,1,3,0,40316.0,14677.0,857.0
3,5,1,3,0,2667.0,7915.0,240.0
3,5,1,3,0,215.0,1560.0,252.0
3,5,1,3,0,60.0,431.0,36.0
3,5,1,3,0,1441.0,3309.0,870.0
3,5,1,3,0,922.0,2567.0,111.0
3,5,1,3,0,1949.0,4525.0,382.0
3,5,1,3,0,528.0,1072.0,25.0
3,5,1,2,0,1665.0,2311.0,108.0
3,5,1,3,0,3559.0,5162.0,147.0
3,5,1,3,0,96.0,545.5,131.5
3,5,1,1,0,2403.0,2191.0,469.0
3,5,1,3,0,11994.0,10501.0,4376.0
3,5,1,3,0,8646.0,8683.0,1133.0
3,5,1,4,0,6769.0,11670.0,283.0
3,5,1,3,0,7278.0,6616.0,385.0
3,5,1,4,0,608.0,2128.0,972.0
3,5,1,3,1,1397.0,4185.0,83.0
3,5,1,3,0,325.0,1245.0,65.0
3,5,1,3,0,1143.0,1434.0,507.0
3,5,1,3,0,11754.0,10325.0,863.0
3,5,1,1,0,367.0,624.0,80.0
3,5,1,1,0,3725.0,2657.0,180.0
3,5,1,1,0,312.0,704.0,77.0
3,5,1,2,1,591.0,1048.0,65.0
3,5,1,3,1,908.0,2807.0,154.0
3,5,1,2,0,267.0,1304.0,114.0
3,5,1,2,1,202.0,516.0,88.0
3,5,1,1,0,732.0,1130.0,235.0
3,5,1,3,0,611.0,1324.0,86.0
3,5,1,2,1,3616.0,8807.0,338.0
3,5,1,3,0,209.0,556.0,435.0
3,5,1,3,0,329.0,1203.0,431.0
1,6,1,3,0,9144.0,13983.0,1052.0
1,6,2,3,0,26696.0,33959.0,1762.0
1,6,4,4,0,121577.0,54024.0,9549.0
1,6,1,3,0,447.0,3077.0,293.0
1,6,1,3,0,17330.0,18248.0,2527.0
1,6,2,3,0,7122.0,10154.0,441.0
1,6,1,3,0,14207.0,33399.0,1192.0
1,6,2,4,0,32189.0,42085.0,2302.0
1,6,2,4,0,12984.0,19513.0,3204.0
1,6,1,1,0,2007.0,8342.0,720.0
1,6,1,1,0,5207.0,10719.0,3695.0
1,6,1,1,0,33482.0,19552.0,1741.0
1,6,1,3,0,3812.0,11005.0,523.0
1,6,4,3,0,63291.0,30011.0,13510.0
1,6,4,3,0,96.0,30011.0,13510.0
1,6,1,3,0,2460.0,4723.0,825.0
1,6,1,3,0,7338.0,13357.0,561.0
1,6,2,1,0,46108.0,31113.0,2988.0
1,6,1,3,0,3910.0,6502.0,1339.0
1,6,4,3,0,10093.0,6617.0,1084.0
1,6,2,3,0,46081.0,55197.0,3296.0
1,6,2,3,0,12646.0,27507.0,1352.0
1,6,2,4,0,18396.0,95902.0,3754.0
1,6,2,3,0,31723.0,25045.0,1514.0
1,6,1,1,0,21884.0,17028.0,4888.0
1,6,1,1,0,1204.0,3585.0,530.0
1,6,1,1,0,10654.0,13342.0,1807.0
1,6,1,1,0,3813.0,12549.0,1461.0
1,6,1,1,0,16922.0,47802.0,1880.0
1,6,2,4,0,1.0,15305.0,322.0
1,6,2,4,0,8188.0,14892.0,661.0
1,6,1,3,0,3151.0,12665.0,1998.0
1,6,1,1,0,16599.0,22532.0,2444.0
1,6,2,4,0,10931.0,22315.0,1055.0
1,6,1,3,0,2761.0,8235.0,401.0
1,6,2,3,0,31014.0,39723.0,1729.0
1,6,2,3,0,41515.0,67257.0,1264.0
1,6,4,3,0,27749.0,39224.0,1809.0
1,6,4,1,0,347294.0,293333.0,32419.0
1,6,1,3,0,8261.0,32737.0,2821.0
1,6,2,3,0,15848.0,41328.0,1377.0
1,6,1,3,0,10477.0,11281.0,673.0
1,6,1,1,0,13073.0,26222.0,1395.0
1,6,2,3,0,4176.0,11674.0,530.0
1,6,1,3,0,13850.0,33796.0,876.0
1,6,1,3,0,14910.0,42850.0,1685.0
1,6,4,4,0,5.0,22551.0,917.0
1,6,1,1,0,17046.0,22454.0,1405.0
1,6,1,3,0,3258.0,6824.0,1025.0
1,6,1,3,0,3853.0,9058.0,751.0
1,6,2,3,0,21621.0,34445.0,2166.0
1,6,4,4,0,1088995.0,456458.0,159047.0
1,6,4,3,0,25546.0,17971.0,2173.0
1,6,1,3,0,3951.0,7111.0,1621.0
1,6,1,3,0,6914.0,22360.0,1058.0
1,6,2,4,0,1.0,24487.0,655.0
1,6,4,4,0,36725.0,79872.0,2777.0
1,6,1,3,0,3702.0,10348.0,2011.0
1,6,4,4,0,179960.0,109754.0,12919.0
1,6,1,3,0,32013.0,52975.0,1910.0
1,6,2,4,0,96.0,17610.0,545.0
1,6,2,4,0,36493.0,49186.0,2478.0
1,6,4,1,0,119516.0,54316.0,6523.0
1,6,1,3,0,1086.0,2862.0,117.0
1,6,1,3,0,15352.0,22424.0,1092.0
1,6,1,3,0,9560.0,12587.0,1850.0
1,6,1,1,0,2527.0,5184.0,608.0
1,6,1,3,0,10456.0,36030.0,1205.0
1,6,1,3,0,297.0,1374.0,390.0
1,6,1,3,0,7987.0,20107.0,1496.0
1,6,2,2,0,1.0,17525.0,441.0
1,6,1,3,0,5641.0,16020.0,1577.0
1,6,2,4,0,27049.0,47469.0,1594.0
1,6,1,3,0,6867.0,14239.0,6245.0
1,6,1,1,0,11036.0,19289.0,2073.0
1,6,2,4,0,96.0,24748.0,1071.0
1,6,1,2,0,2343.0,5113.0,314.0
1,6,4,3,0,18741.0,32752.0,1215.0
1,6,4,3,0,17773.0,13383.0,816.0
1,6,1,3,0,1593.0,8828.0,1702.0
1,6,4,1,0,874.0,1584.0,625.0
1,6,1,3,0,5217.0,18535.0,859.0
1,6,4,1,0,9854.0,18236.0,578.0
1,6,1,3,0,7997.0,14276.0,1564.0
1,6,4,3,0,70418.0,48704.0,2549.0
1,6,1,3,0,2106.0,8601.0,262.0
1,6,1,3,0,899.0,5320.0,405.0
1,6,1,1,0,5881.0,9508.0,1025.0
1,6,1,3,0,2005.0,10452.0,609.0
1,6,2,4,0,13587.0,20665.0,528.0
1,6,2,4,0,25452.0,40765.0,2200.0
1,6,2,2,0,22075.0,34622.0,2527.0
1,6,2,3,0,8855.0,21664.0,1182.0
1,6,2,4,0,18056.0,37849.0,861.0
1,6,2,3,0,12359.0,19679.0,704.0
1,6,2,4,0,20383.0,29170.0,1085.0
1,6,4,3,0,96.0,15882.0,980.0
1,6,1,3,0,688.0,2371.0,302.0
1,6,1,2,0,17635.0,22099.0,1970.0
1,6,2,4,0,96.0,12385.0,620.0
1,6,1,3,0,1125.0,2323.0,407.0
1,6,2,4,0,24386.0,37326.0,628.0
1,6,4,4,0,302005.0,171544.0,13657.0
1,6,1,2,0,11931.0,39770.0,2897.0
1,6,1,3,0,4714.0,16365.0,511.0
1,6,2,3,0,40772.0,44439.0,1402.0
1,6,2,4,0,30296.0,45214.0,1317.0
1,6,1,2,0,2593.0,7929.0,631.0
1,6,1,3,0,3221.0,6293.0,849.0
1,6,1,3,0,772.0,2878.0,284.0
1,6,1,3,0,10632.0,10548.0,1797.0
1,6,2,4,0,1.0,32957.0,555.0
1,6,4,4,0,44377.0,27664.0,2075.0
1,6,1,1,0,3640.0,7812.0,554.0
1,6,1,1,0,6328.0,9788.0,791.0
1,6,2,4,0,43412.0,57413.0,7080.0
1,6,2,4,0,33806.0,37732.0,825.0
1,6,1,3,0,8507.0,11335.0,1651.0
1,6,4,3,0,51931.0,48630.0,2576.0
1,6,1,3,0,2778.0,9407.0,634.0
1,6,1,3,0,2401.0,6880.0,231.0
1,6,1,1,0,14507.0,55692.0,4068.0
1,6,2,4,0,47436.0,70427.0,2807.0
1,6,2,4,0,17487.0,37960.0,799.0
1,6,2,3,0,18363.0,35051.0,2987.0
1,6,1,2,0,28254.0,59251.0,2981.0
1,6,2,4,0,20276.0,38618.0,2073.0
1,6,1,3,0,4294.0,6778.0,1488.0
1,6,2,1,0,12626.0,19499.0,780.0
1,6,1,3,0,3207.0,6796.0,502.0
1,6,1,3,0,4421.0,7729.0,831.0
1,6,1,3,0,799.0,4160.0,1087.0
1,6,4,4,0,246246.0,154683.0,20576.0
1,6,2,4,0,9912.0,47616.0,1622.0
1,6,4,4,0,96.0,2476.0,99.0
1,6,2,4,0,11167.0,31824.0,819.0
1,6,2,3,0,4247.0,14262.0,265.0
1,6,2,3,0,61587.0,110656.0,1855.0
1,6,2,3,0,82192.0,88265.0,1398.0
1,6,4,3,1,5988.0,25066.0,730.0
1,6,4,3,1,4318.0,11721.0,1730.0
1,6,4,3,1,15067.0,31402.0,2174.0
1,6,1,3,1,1802.0,5018.0,298.0
1,6,4,3,1,17665.0,40023.0,2077.0
1,6,2,3,0,11586.0,30179.0,407.0
1,6,1,3,1,2083.0,6983.0,165.0
1,6,2,4,1,12719.0,32428.0,1368.0
1,6,2,3,1,33457.0,89601.0,3135.0
1,6,2,4,1,5.0,34839.0,2327.0
1,6,1,3,1,1623.0,5742.0,387.0
1,6,2,4,1,96.0,19852.0,591.0
1,6,2,3,1,4573.0,20892.0,354.0
1,6,2,3,1,6084.0,26513.0,462.0
1,6,1,1,1,3367.0,8926.0,279.0
1,6,4,3,1,2307.0,9266.0,571.0
1,6,2,3,1,26036.0,39811.0,1196.0
1,6,2,4,1,18407.0,42546.0,1575.0
1,6,1,3,1,7755.0,14451.0,627.0
1,6,1,3,0,1063.0,3631.0,121.0
1,6,2,4,1,34116.0,65604.0,1445.0
1,6,2,3,1,18787.0,64701.0,1655.0
1,6,1,4,0,7198.0,27398.0,482.0
1,6,1,3,0,1644.0,4769.0,263.0
1,6,2,4,0,15453.0,34388.0,1473.0
1,6,1,3,0,3518.0,8044.0,297.0
1,6,2,4,0,23304.0,46926.0,950.0
1,6,2,4,1,13988.0,28217.0,1105.0
1,6,2,4,1,112441.0,157386.0,4798.0
1,6,2,4,1,18294.0,44186.0,936.0
1,6,2,4,1,19481.0,58479.0,1590.0
1,6,1,3,1,942.0,6556.0,167.0
1,6,2,4,1,14302.0,29127.0,864.0
1,6,2,4,1,261962.0,217848.0,11347.0
1,6,1,1,1,8404.0,26021.0,3775.0
1,6,2,4,0,6.0,136057.0,1936.0
1,6,2,4,1,5030.0,14138.0,373.0
1,6,1,1,1,1166.0,7585.0,203.0
1,6,2,4,1,14273.0,50065.0,1110.0
1,6,2,4,1,24356.0,84835.0,1396.0
1,6,2,4,1,12361.0,29914.0,1048.0
1,6,2,4,1,58940.0,68577.0,2281.0
1,6,1,1,1,10975.0,20953.0,525.0
1,6,1,1,1,3483.0,19265.0,1015.0
1,6,1,3,1,22675.0,58948.0,2222.0
1,6,4,3,1,322630.0,210016.0,13508.0
1,6,2,3,1,10303.0,26964.0,549.0
1,6,1,3,1,10269.0,26345.0,714.0
1,6,4,4,1,11653.0,18248.0,4396.0
1,6,2,4,0,34023.0,75077.0,1598.0
1,6,2,4,1,7598.0,27556.0,411.0
1,6,1,3,1,2678.0,10312.0,1926.0
1,6,4,4,0,32230.0,49697.0,2287.0
1,6,4,3,1,2.0,40931.0,6032.0
1,6,2,4,1,12376.0,27749.0,1161.0
1,6,4,1,1,76113.0,87538.0,8339.0
1,6,4,4,0,34676.0,29531.0,4223.0
1,6,2,4,0,10799.0,15652.0,1579.0
1,6,4,4,0,8670.0,13856.0,3189.0
1,6,4,4,1,4911.0,12859.0,626.0
1,6,1,2,1,5541.0,9110.0,638.0
1,6,1,1,0,1225.0,7503.0,172.0
1,6,1,1,1,7540.0,15205.0,1484.0
1,6,1,1,0,11923.0,15228.0,4217.0
1,6,2,3,0,96.0,36716.0,685.0
1,6,1,2,0,5054.0,10271.0,431.0
1,6,1,3,1,15508.0,43655.0,1669.0
1,6,1,1,0,12897.0,17085.0,1487.0
1,6,4,4,1,4891.0,11754.0,785.0
1,6,1,3,1,12212.0,48240.0,1037.0
2,7,1,3,0,47.0,646.0,282.0
2,7,1,3,0,10.0,66.0,22.0
2,7,1,3,0,25.0,107.0,29.0
2,7,1,3,0,92.0,779.0,192.0
2,7,1,3,0,163.0,631.0,246.0
2,7,1,3,0,36.0,401.0,96.0
2,7,1,3,0,6.0,54.0,11.0
2,7,1,3,0,5.0,48.0,9.0
2,7,1,3,0,4.0,27.0,17.0
2,7,1,3,0,26.0,64.0,16.0
2,7,1,3,0,27.0,62.0,39.0
2,7,1,3,0,18.0,223.0,80.0
2,7,1,3,0,268.0,1288.0,755.0
2,7,1,3,0,35.0,91.0,63.0
2,7,1,3,0,18.0,55.0,14.0
2,7,1,3,0,10.0,17.0,13.0
2,7,4,3,0,85.0,1428.0,430.0
2,7,1,3,0,8.0,43.0,17.0
2,7,4,3,0,138.0,1496.0,230.0
2,7,4,3,0,591.0,1942.0,512.0
2,7,1,3,0,154.0,1369.0,251.0
2,7,1,3,0,12.0,211.0,116.0
2,7,1,3,0,13.0,87.0,74.0
2,7,4,3,0,18.0,65.0,54.0
2,7,1,3,0,10.0,72.0,35.0
2,7,1,3,0,80.0,194.0,90.0
2,7,1,3,0,24.0,557.0,119.0
2,7,1,3,0,28.0,157.0,72.0
2,7,4,3,0,243.0,1798.0,467.0
2,7,4,3,0,68.0,1581.0,282.0
2,7,1,3,0,5.0,146.0,72.0
2,7,1,3,0,200.0,1151.0,271.0
2,7,1,3,0,205.0,453.0,125.0
2,7,1,3,0,1.0,22.0,13.0
2,7,2,3,0,260.0,689.0,31.0
2,7,1,3,0,35.0,734.0,191.0
2,7,1,3,0,446.0,1985.0,342.0
2,7,1,3,0,8.0,119.0,24.0
2,7,1,3,0,41.0,218.0,81.0
2,7,1,3,0,704.0,1636.0,284.0
2,7,1,3,0,8.0,63.0,29.0
2,7,1,3,0,49.0,400.0,239.0
2,7,1,3,0,72.0,491.0,254.0
2,7,4,3,0,80.0,855.0,389.0
2,7,4,3,0,50.0,424.0,276.0
2,7,1,3,0,35.0,484.0,380.0
2,7,1,3,0,40.0,687.0,366.0
2,7,4,3,0,19.0,257.0,161.0
2,7,1,3,0,11.0,44.0,32.0
2,7,1,3,0,74.0,876.0,212.0
2,7,1,3,0,18.0,128.0,23.0
2,7,1,3,0,44.0,620.0,66.0
2,7,1,3,0,114.0,441.0,170.0
2,7,1,3,0,40.0,510.0,371.0
2,7,1,3,0,46.0,152.0,62.0
2,7,1,3,0,6.0,65.0,37.0
2,7,1,3,0,27.0,150.0,43.0
2,7,1,3,0,11.0,127.0,87.0
2,7,1,3,0,11.0,66.0,20.0
2,7,1,3,0,19.0,204.0,100.0
2,7,1,3,0,18.0,196.0,65.0
2,7,1,3,0,10.0,41.0,27.0
2,7,1,3,0,15.0,70.0,23.0
2,7,1,1,0,14560.0,39730.0,2915.0
2,7,1,3,0,371.0,1571.0,628.0
2,7,1,3,0,32.0,557.0,207.0
2,7,1,3,0,45.0,267.0,118.0
2,7,1,1,0,90.0,957.0,105.0
2,7,1,3,0,12.0,79.0,54.0
2,7,1,3,0,15.0,220.0,27.0
2,7,1,3,0,13.0,154.0,26.0
2,7,3,3,0,2.0,58.0,26.0
2,7,1,3,0,4.0,62.0,24.0
2,7,1,3,0,5.0,15.0,4.0
2,7,1,3,0,24.0,508.0,32.0
2,7,1,3,0,1222.0,4298.0,379.0
2,7,1,3,0,9.0,117.0,67.0
2,7,1,3,0,9.0,36.0,31.0
2,7,1,3,0,214.0,2150.0,160.0
2,7,1,3,0,38.0,92.0,28.0
2,7,1,3,0,28.0,791.0,58.0
2,7,1,3,0,18.0,286.0,207.0
2,7,1,3,0,1230.0,6274.0,502.0
2,7,1,3,0,41.0,420.0,292.0
2,7,1,3,0,18.0,355.0,162.0
2,7,4,3,0,12.0,180.0,33.0
2,7,4,3,0,70.0,712.0,132.0
2,7,4,3,0,31.0,208.0,55.0
2,7,1,3,0,20.0,361.0,240.0
2,7,4,3,0,31.0,378.0,80.0
2,7,4,3,0,13.0,223.0,45.0
2,7,1,3,0,57.0,375.0,134.0
2,7,1,3,0,15.0,254.0,49.0
2,7,4,3,0,7.0,162.0,16.0
2,7,4,3,0,154.0,1123.0,198.0
2,7,1,3,0,76.0,883.0,302.0
2,7,1,3,0,80.0,721.0,90.0
2,7,1,3,0,27.0,129.0,57.0
2,7,1,3,0,180.0,1892.0,269.0
2,7,1,3,0,78.0,772.0,518.0
2,7,1,3,0,214.0,1757.0,262.0
2,7,1,3,0,64.0,251.0,85.0
2,7,1,3,0,170.0,1485.0,143.0
2,7,4,3,0,50.0,725.0,447.0
2,7,1,3,0,75.0,664.0,450.0
2,7,1,3,0,48.0,577.0,140.0
2,7,1,3,0,78.0,926.0,56.0
2,7,1,3,0,82.0,1068.0,124.0
2,7,1,3,0,74.0,968.0,154.0
2,7,1,3,0,26.0,407.0,329.0
2,7,1,3,0,803.0,891.0,386.0
2,7,1,3,0,610.0,5083.0,492.0
2,7,1,3,0,3.0,128.0,24.0
2,7,1,3,0,25.0,200.0,71.0
2,7,1,3,0,1.0,31.0,16.0
2,7,1,3,0,5.0,78.0,28.0
2,7,1,3,0,4.0,24.0,16.0
2,7,1,3,0,33.0,403.0,95.0
2,7,1,3,0,24.0,307.0,255.0
2,7,1,3,0,39.0,496.0,189.0
2,7,1,3,0,3.0,9.0,10.0
2,7,1,3,0,164.0,758.0,403.0
2,7,1,3,0,12.0,94.0,44.0
2,7,1,4,0,159.0,429.0,49.0
2,7,1,3,0,8.0,30.0,30.0
2,7,1,3,0,15.0,83.0,10.0
2,7,2,3,0,8.0,62.0,65.0
2,7,2,3,0,4.0,22.0,17.0
2,7,2,3,0,4.0,38.0,22.0
2,7,1,3,0,32.0,205.0,29.0
2,7,1,3,0,26.0,702.0,116.0
2,7,2,3,0,5.0,53.0,17.0
2,7,1,3,0,219.0,919.0,404.0
2,7,1,3,0,156.0,1990.0,232.0
2,7,1,3,0,6.0,52.0,31.0
2,7,1,3,0,15.0,99.0,49.0
2,7,1,3,0,6.0,290.0,117.0
2,7,1,3,0,65.0,149.0,44.0
2,7,1,3,0,26.0,370.0,71.0
2,7,1,3,0,13.0,47.0,13.0
2,7,1,3,0,11.0,68.0,20.0
2,7,1,3,0,246.0,1472.0,197.0
2,7,1,3,0,137.0,1585.0,242.0
2,7,1,3,0,15.0,106.0,46.0
2,7,1,3,0,8.0,226.0,61.0
2,7,1,3,0,23.0,91.0,20.0
2,7,1,3,0,82.0,219.0,93.0
2,7,1,3,0,2.0,14.0,4.0
2,7,1,3,0,12.0,356.0,45.0
2,7,1,3,0,103.0,158.0,21.0
2,7,1,3,0,1.0,32.0,4.0
2,7,1,3,0,5.0,96.0,43.0
2,7,1,3,0,16.0,230.0,57.0
2,7,1,3,0,1.0,22.0,10.0
2,7,1,3,0,1.0,18.0,17.0
2,7,1,3,0,4.0,17.0,8.0
2,7,1,3,0,607.0,2268.0,944.0
2,7,4,3,0,280.0,2167.0,1130.0
2,7,4,3,0,16.0,193.0,98.0
2,7,1,3,0,33.0,312.0,151.0
2,7,4,3,0,87.0,1066.0,570.0
2,7,1,3,0,40.0,320.0,155.0
2,7,1,3,0,3.0,44.0,10.0
2,7,1,3,0,52.0,434.0,223.0
2,7,1,3,0,522.0,1920.0,890.0
2,7,1,3,0,28.0,462.0,56.0
2,7,1,3,0,46.0,475.0,127.0
2,7,1,3,0,3.0,31.0,18.0
2,7,4,3,0,219.0,727.0,362.0
2,7,1,3,0,22.0,472.0,230.0
2,7,1,3,0,23.0,142.0,51.0
2,7,1,3,0,71.0,798.0,380.0
2,7,1,3,0,26.0,304.0,132.0
2,7,1,3,0,52.0,427.0,266.0
2,7,1,3,0,76.0,713.0,148.0
2,7,1,3,0,79.0,671.0,433.0
2,7,1,3,0,13.0,394.0,373.0
2,7,1,3,0,82.0,1607.0,101.0
2,7,1,3,0,300.0,1341.0,190.0
2,7,1,3,0,110.0,1172.0,782.0
2,7,1,3,0,71.0,583.0,304.0
2,7,1,3,0,25.0,270.0,82.0
2,7,1,3,0,10.0,125.0,34.0
2,7,1,3,0,3.0,19.0,6.0
2,7,1,3,0,4.0,41.0,26.0
2,7,1,3,0,1.0,14.0,18.0
2,7,1,3,0,27.0,553.0,140.0
2,7,1,3,0,1163.0,1785.0,552.0
2,7,1,3,0,283.0,3388.0,326.0
2,7,1,3,0,33.0,396.0,197.0
2,7,1,3,0,1.0,81.0,30.0
2,7,1,3,0,9.0,93.0,47.0
2,7,1,3,0,11.0,83.0,27.0
2,7,1,3,0,108.0,814.0,268.0
2,7,1,3,0,169.0,751.0,229.0
2,7,1,3,0,31.0,122.0,26.0
2,7,1,3,0,8.0,80.0,48.0
2,7,4,3,0,7.0,33.0,7.0
2,7,4,3,0,32.0,844.0,115.0
2,7,1,3,0,423.0,4139.0,195.0
2,7,4,3,0,22.0,185.0,40.0
2,7,4,3,0,7.0,69.0,24.0
2,7,1,3,0,30.0,236.0,53.0
2,7,1,3,0,6.0,55.0,18.0
2,7,1,3,0,43.0,413.0,156.0
2,7,1,3,0,1.0,14.0,13.0
2,7,1,3,0,30.0,174.0,49.0
2,7,4,3,0,133.0,296.0,139.0
2,7,1,3,0,46.0,340.0,46.0
2,7,1,3,0,1.0,13.0,13.0
2,7,1,3,0,31.0,237.0,138.0
2,7,1,3,0,18.0,69.0,19.0
2,7,1,3,0,18.0,249.0,42.0
2,7,1,3,0,7.0,61.0,28.0
2,7,1,3,0,112.0,1348.0,101.0
2,7,1,3,0,162.0,878.0,477.0
2,7,1,3,0,9.0,87.0,37.0
2,7,1,3,0,74.0,267.0,43.0
2,7,1,3,0,15.0,149.0,98.0
2,7,1,3,0,2795.0,4539.0,851.0
2,7,1,3,0,11.0,75.0,52.0
2,7,1,3,0,96.0,59.0,22.0
2,7,1,3,0,4.0,13.0,2.0
2,7,1,3,0,80.0,256.0,79.0
2,7,1,3,0,9.0,45.0,27.0
2,7,1,3,0,12.0,54.0,17.0
2,7,1,3,0,120.0,1917.0,201.0
2,7,1,3,0,325.0,1311.0,638.0
2,7,1,3,0,37.0,147.0,122.0
2,7,4,4,0,15.0,181.0,70.0
2,7,1,3,0,96.0,14.0,5.0
2,7,1,3,0,35.0,283.0,35.0
2,7,1,3,0,26.0,222.0,38.0
2,7,1,3,0,48.0,1078.0,67.0
2,7,1,3,0,2.0,36.0,2.0
2,7,1,3,0,358.0,941.0,505.0
2,7,1,3,0,105.0,616.0,384.0
2,7,1,3,0,84.0,573.0,460.0
2,7,1,3,0,24.0,601.0,87.0
2,7,1,3,0,14.0,192.0,92.0
2,7,1,3,0,26.0,170.0,81.0
2,7,1,3,0,29.0,465.0,41.0
2,7,1,3,0,19.0,261.0,135.0
2,7,1,3,0,22.0,223.0,201.0
2,7,1,3,0,4.0,84.0,64.0
2,7,1,3,0,285.0,2361.0,256.0
2,7,1,3,0,6.0,56.0,43.0
2,7,1,3,0,4.0,36.0,34.0
2,7,1,3,0,294.0,860.0,369.0
2,7,1,3,0,340.0,1109.0,219.0
2,7,1,3,0,67.0,637.0,505.0
2,7,1,3,0,36.0,307.0,89.0
2,7,1,3,0,7.0,159.0,191.0
2,7,1,3,0,17.0,39.0,12.0
2,7,1,3,0,15.0,263.0,22.0
2,7,1,3,0,21.0,171.0,29.0
2,7,1,3,0,32.0,249.0,182.0
2,7,1,3,0,91.0,503.0,251.0
2,7,1,3,0,17.0,285.0,106.0
2,7,1,3,0,5.0,31.0,21.0
2,7,1,3,0,77.0,514.0,146.0
2,7,1,3,0,20.0,126.0,12.0
2,7,1,3,0,1295.0,2700.0,431.0
2,7,1,3,0,7.0,65.0,34.0
2,7,1,3,0,17.0,80.0,38.0
2,7,1,3,0,154.0,516.0,148.0
2,7,1,3,0,43.0,241.0,135.0
2,7,1,3,0,3.0,80.0,22.0
2,7,1,3,0,7.0,42.0,30.0
2,7,1,3,0,18.0,324.0,56.0
2,7,1,3,0,168.0,916.0,261.0
2,7,1,3,0,352.0,911.0,262.0
2,7,1,3,0,21.0,335.0,49.0
2,7,1,3,0,30.0,264.0,133.0
2,7,1,3,0,82.0,760.0,141.0
2,7,1,3,0,143.0,428.0,67.0
2,7,1,3,0,65.0,220.0,18.0
2,7,1,3,0,202.0,2826.0,162.0
2,7,1,3,0,43.0,431.0,364.0
2,7,1,4,0,61.0,608.0,92.0
2,7,1,3,0,58.0,273.0,101.0
2,7,1,3,0,137.0,407.0,62.0
2,7,1,3,0,3.0,65.0,28.0
2,7,1,3,0,26.0,355.0,56.0
2,7,1,3,0,243.0,858.0,275.0
2,7,1,3,0,38.0,208.0,63.0
2,7,1,3,0,3.0,35.0,10.0
2,7,1,3,0,268.0,565.0,103.0
2,7,1,3,0,27.0,94.0,26.0
2,7,1,3,0,28.0,397.0,113.0
2,7,1,3,0,10.0,47.0,20.0
2,7,1,3,0,652.0,4828.0,249.0
2,7,1,3,0,264.0,1454.0,215.0
2,7,1,4,0,5.0,69.0,47.0
2,7,1,3,0,15.0,202.0,97.0
2,7,1,3,0,59.0,1180.0,116.0
2,7,1,3,0,4.0,44.0,26.0
2,7,1,3,0,167.0,872.0,88.0
2,7,1,3,0,3.0,82.0,60.0
2,7,4,3,0,14.0,99.0,49.0
2,7,1,3,0,2.0,64.0,20.0
2,7,1,3,0,79.0,280.0,137.0
2,7,1,3,0,6.0,31.0,24.0
2,7,1,3,0,37.0,98.0,41.0
2,7,1,3,0,43.0,271.0,159.0
2,7,1,3,0,228.0,1656.0,137.0
2,7,1,3,0,54.0,472.0,348.0
2,7,1,3,0,64.0,548.0,490.0
2,7,1,3,0,375.0,1659.0,752.0
2,7,1,3,0,25.0,192.0,34.0
2,7,1,3,0,13.0,129.0,24.0
2,7,1,3,0,4.0,27.0,4.0
2,7,1,3,0,16.0,110.0,34.0
2,7,1,3,0,200.0,848.0,419.0
2,7,1,3,0,4.0,31.0,17.0
2,7,1,3,0,342.0,3065.0,1042.0
2,7,1,3,0,184.0,601.0,137.0
2,7,1,3,0,362.0,3419.0,222.0
2,7,1,3,0,9.0,47.0,35.0
2,7,1,3,0,193.0,1118.0,482.0
2,7,1,3,0,272.0,3795.0,123.0
2,7,1,3,0,53.0,440.0,213.0
2,7,1,3,0,13.0,155.0,29.0
2,7,1,3,0,46.0,617.0,202.0
2,7,1,3,0,64.0,332.0,182.0
2,7,1,3,0,2.0,47.0,6.0
2,7,1,3,0,133.0,633.0,194.0
2,7,1,3,0,314.0,1075.0,379.0
2,7,1,3,0,1523.0,7737.0,845.0
2,7,1,3,0,10.0,133.0,95.0
2,7,1,3,0,64.0,605.0,317.0
2,7,1,3,0,51.0,251.0,52.0
2,7,1,3,0,27.0,243.0,47.0
2,7,1,3,0,4.0,46.0,61.0
2,7,1,3,0,41.0,587.0,132.0
2,7,1,3,0,40.0,267.0,99.0
2,7,1,3,0,108.0,886.0,773.0
2,7,1,3,0,33.0,177.0,230.0
2,7,1,3,0,35.0,189.0,127.0
2,7,1,3,0,18.0,144.0,117.0
2,7,1,3,0,25.0,543.0,58.0
2,7,1,3,0,31.0,504.0,215.0
2,7,1,3,0,9.0,273.0,113.0
2,7,1,3,0,35.0,282.0,18.0
2,7,1,3,0,458.0,2936.0,113.0
2,7,1,3,0,419.0,1111.0,518.0
2,7,1,3,0,34.0,326.0,174.0
2,7,1,3,0,119.0,405.0,72.0
2,7,1,3,0,270.0,1231.0,337.0
2,7,1,3,0,24.0,205.0,35.0
2,7,1,3,0,92.0,335.0,152.0
2,7,1,3,0,148.0,764.0,734.0
2,7,1,3,0,17.0,96.0,44.0
2,7,1,3,0,597.0,1427.0,327.0
2,7,1,3,0,3.0,18.0,4.0
2,7,1,3,0,13.0,60.0,18.0
2,7,1,3,0,24.0,182.0,95.0
2,7,1,3,0,167.0,866.0,80.0
2,7,1,3,0,450.0,2782.0,257.0
2,7,1,3,0,24.0,72.0,32.0
2,7,1,3,0,84.0,812.0,600.0
2,7,1,3,0,16.0,147.0,65.0
2,7,1,3,0,65.0,506.0,153.0
2,7,1,3,0,74.0,921.0,165.0
2,7,1,3,0,23.0,277.0,278.0
2,7,1,3,0,6.0,121.0,3.0
2,7,1,3,0,27.0,388.0,230.0
2,7,1,3,0,35.0,288.0,110.0
2,7,1,3,0,13.0,65.0,29.0
2,7,1,3,0,12233.0,21425.0,1005.0
2,7,1,3,0,9.0,59.0,3.0
2,7,1,3,0,8.0,187.0,116.0
2,7,1,3,0,46.0,134.0,32.0
2,7,1,3,0,36.0,292.0,172.0
2,7,1,3,0,10.0,103.0,52.0
2,7,1,3,0,14.0,177.0,112.0
2,7,1,3,0,25.0,218.0,149.0
2,7,1,3,0,18.0,655.0,130.0
2,7,1,3,0,12.0,22.0,23.0
2,7,1,3,0,49.0,244.0,66.0
2,7,1,3,0,10.0,161.0,86.0
2,7,4,3,0,3.0,30.0,16.0
2,7,1,3,0,4.0,35.0,33.0
2,7,1,3,0,40.0,179.0,74.0
2,7,4,3,0,80.0,263.0,34.0
2,7,1,3,0,32.0,518.0,102.0
2,7,1,3,0,22.0,427.0,61.0
2,7,1,3,0,2.0,19.0,7.0
2,7,2,4,0,36.0,189.0,27.0
2,7,1,3,0,86.0,961.0,106.0
2,7,1,3,0,238.0,1942.0,405.0
2,7,1,3,0,15.0,154.0,75.0
2,7,1,3,0,23.0,616.0,70.0
2,7,1,3,0,19.0,598.0,33.0
2,7,1,3,0,10.0,71.0,52.0
2,7,1,3,0,3.0,17.0,7.0
2,7,1,3,0,11.0,31.0,26.0
2,7,1,3,0,5.0,40.0,8.0
2,7,4,3,1,37.0,342.0,158.0
2,7,1,3,1,352.0,2422.0,169.0
2,7,4,3,1,61.0,608.0,91.0
2,7,1,3,1,16.0,120.0,43.0
2,7,4,3,1,55.0,269.0,103.0
2,7,4,3,1,29.0,172.0,52.0
2,7,4,3,1,40.0,978.0,144.0
2,7,1,3,0,411.0,5404.0,187.0
2,7,4,3,1,13.0,108.0,57.0
2,7,4,3,1,99.0,668.0,68.0
2,7,4,3,1,14.0,116.0,54.0
2,7,4,3,1,11.0,118.0,105.0
2,7,4,3,1,8.0,59.0,32.0
2,7,1,3,1,119.0,278.0,75.0
2,7,4,3,1,46.0,745.0,109.0
2,7,4,3,1,14.0,111.0,68.0
2,7,4,3,1,161.0,2538.0,230.0
2,7,4,3,1,23.0,329.0,109.0
2,7,1,3,1,995.0,9263.0,554.0
2,7,4,3,1,9.0,260.0,126.0
2,7,4,3,1,85.0,1095.0,160.0
2,7,4,3,1,18.0,407.0,145.0
2,7,4,3,1,37.0,315.0,160.0
2,7,1,3,1,40.0,623.0,96.0
2,7,4,3,1,509.0,2292.0,202.0
2,7,4,3,1,25.0,428.0,54.0
2,7,1,3,1,7.0,162.0,26.0
2,7,4,3,1,77.0,416.0,155.0
2,7,4,3,1,6857.0,28505.0,1636.0
2,7,4,3,1,48.0,536.0,215.0
2,7,1,3,1,1849.0,2352.0,181.0
2,7,4,3,1,91.0,1294.0,141.0
2,7,4,3,1,24.0,321.0,73.0
2,7,4,3,1,337.0,1519.0,473.0
2,7,1,3,1,22.0,325.0,78.0
2,7,4,3,1,65.0,554.0,189.0
2,7,4,3,1,34.0,457.0,132.0
2,7,4,3,1,190.0,2014.0,369.0
2,7,1,3,1,774.0,3586.0,208.0
2,7,4,3,1,117.0,1229.0,120.0
2,7,4,3,1,576.0,2749.0,427.0
2,7,1,3,1,48.0,394.0,109.0
2,7,4,3,1,50.0,464.0,114.0
2,7,4,3,1,33.0,161.0,69.0
2,7,1,3,1,164.0,1988.0,163.0
2,7,1,3,1,217.0,1836.0,165.0
2,7,1,3,1,108.0,816.0,524.0
2,7,1,3,1,212.0,4119.0,188.0
2,7,1,3,1,86.0,1460.0,160.0
2,7,1,3,1,12.0,183.0,81.0
2,7,4,3,1,584.0,1201.0,197.0
2,7,1,3,1,25.0,250.0,165.0
2,7,1,3,1,325.0,1928.0,132.0
2,7,1,3,1,37.0,489.0,246.0
2,7,1,3,1,2197.0,5176.0,1521.0
2,7,1,3,1,13.0,195.0,69.0
2,7,1,3,1,478.0,2215.0,220.0
2,7,1,3,1,189.0,1394.0,159.0
2,7,1,3,1,187.0,1974.0,183.0
2,7,1,3,1,10.0,112.0,30.0
2,7,1,3,1,27.0,377.0,305.0
2,7,1,3,1,18.0,621.0,65.0
2,7,1,3,1,1579.0,5525.0,1419.0
2,7,1,3,1,96.0,807.0,208.0
2,7,1,3,1,50.0,827.0,86.0
2,7,1,3,1,5.0,122.0,34.0
2,7,1,3,1,35.0,255.0,49.0
2,7,1,3,1,177.0,1397.0,133.0
2,7,1,3,1,965.0,10414.0,551.0
2,7,1,3,1,9.0,255.0,27.0
2,7,1,3,1,23.0,254.0,103.0
2,7,1,3,1,19.0,306.0,70.0
2,7,1,3,1,53.0,362.0,34.0
2,7,1,3,1,17.0,186.0,203.0
2,7,1,3,1,41.0,237.0,25.0
2,7,1,3,1,825.0,1708.0,404.0
2,7,1,3,1,37.0,197.0,70.0
2,7,1,3,1,93.0,770.0,190.0
2,7,1,3,1,284.0,1246.0,151.0
2,7,1,3,1,9.0,208.0,60.0
2,7,1,3,0,18.0,188.0,24.0
2,7,1,3,1,2.0,31.0,32.0
2,7,1,3,0,5.0,189.0,92.0
2,7,1,3,0,18.0,110.0,13.0
2,7,1,3,1,22.0,773.0,55.0
2,7,1,3,1,432.0,2016.0,723.0
2,7,1,3,1,101.0,659.0,377.0
2,7,1,3,1,11.0,150.0,17.0
2,7,1,3,1,24.0,192.0,55.0
2,7,1,3,1,129.0,830.0,178.0
2,7,1,3,1,66.0,534.0,141.0
2,7,1,3,1,69.0,690.0,432.0
2,7,1,3,1,75.0,887.0,197.0
2,7,1,3,1,48.0,978.0,139.0
2,7,1,3,1,265.0,3232.0,241.0
2,7,1,3,1,420.0,3347.0,1576.0
2,7,1,3,1,473.0,2070.0,1293.0
2,7,1,3,1,65.0,1070.0,153.0
2,7,1,3,1,13.0,98.0,30.0
2,7,4,3,1,82.0,468.0,165.0
2,7,1,3,1,245.0,3767.0,222.0
2,7,1,3,1,62.0,1273.0,79.0
2,7,1,3,1,29.0,553.0,288.0
2,7,1,3,0,10.0,107.0,34.0
2,7,1,3,1,30.0,255.0,43.0
2,7,1,3,0,12.0,46.0,19.0
2,7,1,3,1,51.0,702.0,103.0
2,7,1,3,1,5.0,163.0,38.0
2,7,1,3,1,363.0,3317.0,180.0
2,7,1,3,1,101.0,1665.0,108.0
2,7,1,3,1,53.0,741.0,135.0
2,7,1,3,0,29.0,170.0,55.0
2,7,1,3,0,37.0,415.0,99.0
2,7,1,3,0,7.0,48.0,20.0
2,7,1,3,0,3.0,12.0,1.0
2,7,1,3,0,90.0,1225.0,186.0
2,7,1,3,1,64.0,1441.0,294.0
2,7,2,4,0,222.0,1043.0,39.0
2,7,1,3,0,13.0,210.0,89.0
2,7,1,3,0,7.0,57.0,12.0
2,7,1,3,0,162.0,1805.0,51.0
2,7,1,3,0,20.0,78.0,34.0
2,7,1,3,1,133.0,1198.0,324.0
2,7,1,3,1,13.0,180.0,115.0
2,7,1,3,1,3.0,63.0,21.0
2,7,1,3,0,6.0,98.0,25.0
2,7,1,3,0,663.0,5742.0,456.0
2,7,1,3,0,113.0,525.0,65.0
2,7,1,3,0,37.0,404.0,62.0
2,7,1,3,0,94.0,1401.0,537.0
2,7,1,3,0,18.0,50.0,26.0
2,7,1,3,0,7.0,147.0,9.0
2,7,1,3,0,15.0,95.0,43.0
2,7,1,3,1,16.0,203.0,37.0
2,7,1,3,0,1286.0,8025.0,238.0
2,7,1,3,0,94.0,385.0,32.0
2,7,1,3,0,1127.0,6443.0,201.0
2,7,1,3,0,190.0,1974.0,408.0
3,8,1,1,0,57.0,196.0,19.0
3,8,1,1,0,247.0,1682.0,292.0
3,8,1,3,0,182.0,860.0,292.0
3,8,1,3,0,60.0,254.0,97.0
3,8,1,3,0,29.0,153.0,11.0
3,8,1,3,0,5434.0,7211.0,3667.0
3,8,1,1,0,615.0,1104.0,178.0
3,8,1,3,0,401.0,672.0,58.0
3,8,1,3,0,591.0,1361.0,251.0
3,8,1,2,0,179.0,354.0,45.0
3,8,1,1,0,252.0,680.0,145.0
3,8,1,3,0,193.0,1015.0,112.0
3,8,1,3,0,21.0,111.0,11.0
3,8,1,1,0,33.0,75.0,1.0
3,8,1,1,0,246.0,1272.0,20.0
3,8,1,2,0,248.0,1174.0,23.0
3,8,1,3,0,21.0,66.0,6.0
3,8,1,1,0,2361.0,3757.0,823.0
3,8,1,2,0,203.0,2115.0,40.0
3,8,1,1,0,309.0,2167.0,49.0
3,8,1,3,0,272.0,2409.0,53.0
3,8,1,1,0,748.0,1417.0,71.0
3,8,1,3,0,1640.0,2676.0,284.0
3,8,1,1,0,52.0,131.0,25.0
3,8,1,1,0,635.0,1604.0,296.0
3,8,1,2,0,33.0,204.0,28.0
3,8,1,1,0,87.0,707.0,24.0
3,8,1,2,0,244.0,813.0,77.0
3,8,1,1,0,471.0,1374.0,89.0
3,8,1,1,0,1925.0,3618.0,218.0
3,8,1,1,0,645.0,740.0,59.0
3,8,1,1,0,117.0,538.0,24.0
3,8,1,3,0,52.0,154.0,103.0
3,8,1,1,0,31.0,130.0,8.0
3,8,1,3,0,441.0,5497.0,608.0
3,8,1,1,0,47.0,198.0,20.0
3,8,1,3,0,51.0,86.0,12.0
3,8,1,1,0,110.0,686.0,292.0
3,8,1,3,0,266.0,1714.0,750.0
3,8,1,3,0,46.0,265.0,131.0
3,8,1,3,0,63.0,467.0,171.0
3,8,1,3,0,3.0,24.0,2.0
3,8,1,1,0,29.0,59.0,30.0
3,8,1,4,0,25.0,75.0,11.0
3,8,1,3,0,302.0,1004.0,432.0
3,8,1,3,0,38.0,61.0,11.0
3,8,1,3,0,25.0,82.0,5.0
3,8,1,1,0,9686.0,6957.0,5278.0
3,8,1,1,0,207.0,899.0,132.0
3,8,1,3,0,17.0,113.0,8.0
3,8,1,1,0,322.0,512.0,32.0
3,8,1,3,0,195.0,1242.0,18.0
3,8,1,1,0,10.0,54.0,13.0
3,8,1,3,0,1113.0,7157.0,168.0
3,8,1,1,0,326.0,638.0,281.0
3,8,1,1,0,47.0,377.0,134.0
3,8,1,1,0,1151.0,2695.0,1685.0
3,8,1,3,0,2.0,34.0,34.0
3,8,1,1,0,116.0,651.0,541.0
3,8,1,2,0,518.0,977.0,70.0
3,8,1,3,0,25.0,208.0,18.0
3,8,1,1,0,5999.0,6736.0,785.0
3,8,1,2,0,3242.0,2300.0,770.0
3,8,1,1,0,401.0,943.0,87.0
3,8,1,2,0,462.0,1090.0,342.0
3,8,1,1,0,1268.0,2106.0,236.0
3,8,1,1,0,84.0,558.0,23.0
3,8,1,3,0,83.0,281.0,78.0
3,8,1,3,0,19.0,227.0,16.0
3,8,1,3,0,29.0,78.0,18.0
3,8,1,4,0,674.0,4252.0,425.0
3,8,1,1,0,83.0,1069.0,63.0
3,8,1,1,0,62.0,577.0,16.0
3,8,1,3,0,207.0,325.0,156.0
3,8,1,1,0,3100.0,3549.0,1165.0
3,8,1,1,0,1292.0,1969.0,586.0
3,8,1,3,0,2872.0,6876.0,4825.0
3,8,1,3,0,1799.0,6845.0,2463.0
3,8,1,3,0,18.0,171.0,15.0
3,8,1,3,0,32.0,65.0,22.0
3,8,1,3,0,30.0,57.0,5.0
3,8,1,3,0,41.0,321.0,15.0
3,8,1,3,0,1248.0,2246.0,754.0
3,8,1,1,0,326.0,852.0,240.0
3,8,1,3,0,140.0,234.0,102.0
3,8,1,2,0,272.0,745.0,19.0
3,8,1,1,0,1932.0,7824.0,235.0
3,8,1,3,0,30.0,315.0,2.0
3,8,1,1,0,77.0,178.0,18.0
3,8,1,3,0,843.0,1408.0,436.0
3,8,1,1,0,4817.0,5182.0,1982.0
3,8,1,3,0,1509.0,1612.0,711.0
3,8,1,2,0,1058.0,1430.0,691.0
3,8,1,1,0,337.0,1110.0,32.0
3,8,1,2,0,388.0,2374.0,56.0
3,8,1,3,0,12.0,28.0,12.0
3,8,1,1,0,1304.0,8094.0,1012.0
3,8,1,1,0,516.0,1501.0,112.0
3,8,1,3,0,53.0,181.0,50.0
3,8,1,3,0,359.0,3862.0,211.0
3,8,1,3,0,7803.0,6281.0,723.0
3,8,1,2,0,781.0,1273.0,89.0
3,8,1,1,0,341.0,1360.0,350.0
3,8,1,3,0,10.0,82.0,7.0
3,8,1,1,0,147.0,488.0,134.0
3,8,1,3,0,59.0,480.0,4.0
3,8,1,3,0,183.0,344.0,94.0
3,8,1,3,0,26.0,94.0,6.0
3,8,1,3,0,32.0,164.0,54.0
3,8,1,2,0,12696.0,31112.0,1932.0
3,8,1,1,0,636.0,1375.0,622.0
3,8,1,3,0,494.0,1223.0,2484.0
3,8,1,1,0,1565.0,3059.0,178.0
3,8,1,3,0,66.0,636.0,391.0
3,8,1,3,0,62.0,237.0,13.0
3,8,1,3,0,41.0,215.0,18.0
3,8,1,3,0,42.0,373.0,18.0
3,8,1,1,0,101.0,579.0,343.0
3,8,1,1,0,21613.0,28079.0,6711.0
3,8,1,3,0,682.0,4609.0,103.0
3,8,1,3,0,37.0,164.0,96.0
3,8,1,3,0,13.0,107.0,7.0
3,8,1,3,0,8.0,50.0,5.0
3,8,1,1,0,1865.0,2236.0,252.0
3,8,1,3,0,155.0,255.0,65.0
3,8,1,1,0,9005.0,7885.0,913.0
3,8,1,3,0,239.0,1042.0,26.0
3,8,1,1,0,1149.0,2968.0,120.0
3,8,1,3,0,2337.0,7482.0,194.0
3,8,1,1,0,365.0,502.0,109.0
3,8,1,3,0,1387.0,1851.0,313.0
3,8,1,1,0,521.0,3296.0,118.0
3,8,1,4,0,1456.0,8539.0,1353.0
3,8,1,1,0,465.0,3996.0,109.0
3,8,1,3,0,734.0,3503.0,118.0
3,8,1,3,0,241.0,2152.0,36.0
3,8,1,1,0,3216.0,7163.0,1066.0
3,8,1,3,0,91.0,506.0,152.0
3,8,1,1,0,854.0,4109.0,76.0
3,8,1,2,0,194.0,1045.0,116.0
3,8,1,1,0,54.0,140.0,18.0
3,8,1,1,0,2590.0,3037.0,481.0
3,8,1,3,0,1041.0,2843.0,73.0
3,8,1,1,0,693.0,1606.0,2109.0
3,8,1,1,0,95.0,324.0,55.0
3,8,1,1,0,27.0,384.0,12.0
3,8,1,4,0,172.0,638.0,33.0
3,8,1,3,0,472.0,2089.0,110.0
3,8,1,3,0,1064.0,954.0,359.0
3,8,1,3,0,612.0,1859.0,635.0
3,8,1,3,0,2383.0,2097.0,544.0
3,8,1,3,0,22.0,53.0,1.0
3,8,1,3,0,46.0,97.0,7.0
3,8,1,3,0,93.0,727.0,34.0
3,8,1,3,0,158.0,1119.0,18.0
3,8,1,3,0,328.0,927.0,353.0
3,8,1,1,0,1528.0,1119.0,104.0
3,8,1,1,0,1541.0,1875.0,222.0
3,8,1,3,0,32.0,34.0,8.0
3,8,1,3,0,8.0,62.0,1.0
3,8,1,1,0,44.0,145.0,15.0
3,8,1,1,0,5323.0,4317.0,1806.0
3,8,1,2,0,2918.0,9774.0,1411.0
3,8,1,3,0,618.0,1035.0,314.0
3,8,1,3,0,659.0,818.0,93.0
3,8,1,1,0,801.0,1732.0,52.0
3,8,1,3,0,11.0,57.0,2.0
3,8,1,2,0,3950.0,4740.0,745.0
3,8,1,2,0,370.0,649.0,210.0
3,8,1,3,0,1043.0,6072.0,124.0
3,8,1,3,0,301.0,991.0,185.0
3,8,1,3,0,986.0,1907.0,793.0
3,8,1,3,0,103.0,297.0,28.0
3,8,1,3,0,11.0,53.0,11.0
3,8,1,1,0,1117.0,2404.0,481.0
3,8,1,3,0,74.0,234.0,16.0
3,8,1,1,0,91.0,581.0,38.0
3,8,1,3,0,39.0,206.0,16.0
3,8,1,1,0,329.0,1267.0,166.0
3,8,1,3,0,32.0,370.0,41.0
3,8,1,3,0,63.0,650.0,27.0
3,8,1,3,0,5730.0,23202.0,710.0
3,8,2,4,0,4933.0,5569.0,635.0
3,8,1,3,0,346.0,1261.0,74.0
3,8,1,3,0,29.0,316.0,57.0
3,8,1,3,0,56.0,289.0,21.0
3,8,1,3,0,299.0,628.0,302.0
3,8,1,1,0,1227.0,2611.0,835.0
3,8,1,3,0,1316.0,3302.0,3835.0
3,8,1,3,0,317.0,1503.0,58.0
3,8,1,1,0,620.0,857.0,464.0
3,8,1,3,0,383.0,1734.0,24.0
3,8,2,4,0,14942.0,12546.0,302.0
3,8,2,4,0,6378.0,17261.0,124.0
3,8,2,3,0,23985.0,15112.0,1681.0
3,8,2,4,0,8634.0,14160.0,201.0
3,8,2,4,0,795.0,1638.0,39.0
3,8,1,3,0,131.0,1304.0,12.0
3,8,1,2,0,1121.0,1366.0,140.0
3,8,1,3,0,25.0,69.0,9.0
3,8,1,3,0,4.0,99.0,5.0
3,8,1,3,0,538.0,1733.0,976.0
3,8,1,2,0,9969.0,4700.0,746.0
3,8,1,3,0,13.0,97.0,7.0
3,8,1,3,0,9.0,110.0,6.0
3,8,1,2,0,39.0,169.0,3.0
3,8,1,2,0,4846.0,7014.0,691.0
3,8,1,1,0,1423.0,2264.0,714.0
3,8,1,2,0,799.0,4648.0,235.0
3,8,1,3,0,34.0,188.0,33.0
3,8,1,1,0,5942.0,8273.0,153.0
3,8,1,3,0,8.0,62.0,1.0
3,8,1,2,0,5496.0,4590.0,192.0
3,8,1,3,0,141.0,1601.0,26.0
3,8,1,3,0,277.0,2467.0,87.0
3,8,1,1,0,152.0,460.0,51.0
3,8,1,3,0,9.0,127.0,4.0
3,8,1,3,0,96.0,395.0,176.0
3,8,1,3,0,96.0,248.0,16.0
3,8,1,3,0,332.0,1926.0,1231.0
3,8,1,3,0,45.0,111.0,20.0
3,8,1,3,0,26.0,142.0,33.0
3,8,1,3,0,711.0,1640.0,437.0
3,8,1,3,0,34.0,364.0,25.0
3,8,1,3,0,1449.0,3426.0,56.0
3,8,1,3,0,14.0,221.0,24.0
3,8,1,3,0,29.0,252.0,93.0
3,8,1,1,0,1194.0,1894.0,150.0
3,8,1,3,0,66.0,404.0,88.0
3,8,1,3,0,246.0,1797.0,253.0
3,8,1,3,0,29.0,271.0,100.0
3,8,1,3,0,15.0,248.0,1.0
3,8,1,1,0,244.0,959.0,93.0
3,8,1,3,0,56.0,416.0,34.0
3,8,1,3,0,52.0,484.0,16.0
3,8,1,3,0,3384.0,12218.0,1415.0
3,8,2,3,1,1819.0,9235.0,160.0
3,8,2,4,0,37867.0,30610.0,719.0
3,8,2,4,0,8970.0,11470.0,122.0
3,8,2,1,0,8314.0,11684.0,101.0
3,8,1,1,0,1901.0,4030.0,2213.0
3,8,1,3,0,28.0,64.0,71.0
3,8,1,1,0,170.0,305.0,5.0
3,8,1,1,0,1119.0,2869.0,41.0
3,8,1,3,0,7.0,104.0,1.0
3,8,1,3,0,10.0,45.0,10.0
3,8,1,3,0,45.0,518.0,22.0
3,8,1,3,0,682.0,1713.0,837.0
3,8,1,1,0,457.0,523.0,51.0
3,8,1,1,0,308.0,605.0,42.0
3,8,1,1,0,7529.0,16178.0,594.0
3,8,1,3,0,119.0,247.0,12.0
3,8,1,1,0,16.0,56.0,5.0
3,8,1,2,1,2881.0,5035.0,267.0
3,8,1,3,1,196.0,810.0,46.0
3,8,1,2,1,6990.0,9375.0,1500.0
3,8,1,1,0,28.0,83.0,12.0
3,8,1,1,0,1519.0,1874.0,131.0
3,8,1,1,0,311.0,598.0,136.0
3,8,1,3,0,2821.0,5582.0,566.0
3,8,1,3,1,339.0,831.0,49.0
3,8,1,3,0,195.0,376.0,12.0
3,8,1,2,0,3330.0,4918.0,858.0
3,8,1,3,0,49.0,297.0,44.0
3,8,1,3,0,1766.0,9508.0,1620.0
3,8,1,3,0,8.0,201.0,29.0
3,8,1,3,0,180.0,773.0,23.0
3,8,1,1,0,20.0,93.0,23.0
1,9,2,4,0,2.0,26990.0,590.0
1,9,4,3,0,96.0,7580.0,364.0
1,9,1,3,0,26726.0,20354.0,1471.0
1,9,1,3,0,3899.0,12225.0,378.0
1,9,1,3,0,483.0,5317.0,101.0
1,9,4,3,0,688.0,3329.0,37.0
1,9,4,3,0,96.0,3864.0,265.0
1,9,1,3,0,4030.0,24066.0,331.0
1,9,1,3,0,33767.0,27185.0,3129.0
1,9,4,4,0,1801.0,5927.0,241.0
1,9,4,3,0,5592.0,4496.0,384.0
1,9,2,3,0,693.0,3518.0,181.0
1,9,1,3,0,2855.0,5604.0,529.0
1,9,4,4,0,4.0,16486.0,644.0
1,9,2,2,0,3.0,36556.0,1002.0
1,9,1,1,0,4338.0,18160.0,906.0
1,9,2,4,0,23015.0,43279.0,981.0
1,9,1,4,0,219688.0,100593.0,9300.0
1,9,2,3,0,50881.0,47190.0,1404.0
1,9,2,4,0,15792.0,34985.0,639.0
1,9,2,4,0,87643.0,70151.0,2035.0
1,9,1,3,0,1579.0,7170.0,326.0
1,9,1,3,0,2502.0,3784.0,153.0
1,9,1,3,0,3997.0,13299.0,273.0
1,9,1,4,0,14073.0,32698.0,633.0
1,9,4,3,0,96.0,2778.0,366.0
1,9,4,3,0,96.0,10333.0,479.0
1,9,1,3,0,9494.0,15965.0,1639.0
1,9,4,3,0,3725.0,8007.0,363.0
1,9,2,2,0,3261.0,9590.0,445.0
1,9,2,2,0,11571.0,8568.0,930.0
1,9,1,3,0,3391.0,13551.0,315.0
1,9,1,3,0,2616.0,7933.0,583.0
1,9,1,3,0,4781.0,15389.0,258.0
1,9,1,3,0,11222.0,17141.0,874.0
1,9,2,4,0,5947.0,15816.0,580.0
1,9,4,3,0,96.0,1840.0,31.0
1,9,4,4,0,96.0,1192.0,62.0
1,9,1,3,0,1290.0,2672.0,165.0
1,9,2,4,0,67482.0,57873.0,1100.0
1,9,4,3,0,96.0,545.5,131.5
1,9,1,3,0,6195.0,20340.0,528.0
1,9,1,3,0,1238.0,2797.0,448.0
1,9,4,4,0,96.0,3741.0,307.0
1,9,4,3,0,1192.0,2412.0,418.0
1,9,1,3,0,1688.0,6210.0,852.0
1,9,1,3,0,1646.0,5560.0,267.0
1,9,2,3,0,3484.0,14023.0,236.0
1,9,4,4,0,1.0,11240.0,947.0
1,9,4,3,0,2573.0,5701.0,133.0
1,9,1,3,0,15116.0,20307.0,983.0
1,9,1,3,0,13322.0,13614.0,1274.0
1,9,4,1,0,96.0,6931.0,474.0
1,9,2,2,0,21673.0,19682.0,329.0
1,9,2,4,0,22469.0,26866.0,571.0
1,9,1,3,0,1261.0,4013.0,200.0
1,9,2,4,0,17024.0,55468.0,907.0
1,9,1,3,0,2371.0,6918.0,415.0
1,9,1,3,0,642.0,2593.0,247.0
1,9,2,4,0,34574.0,42314.0,1792.0
1,9,2,4,0,95465.0,68498.0,3032.0
1,9,1,1,0,3582.0,7945.0,629.0
1,9,1,1,0,9664.0,8836.0,507.0
1,9,1,3,0,11754.0,32468.0,2584.0
1,9,4,1,0,24522.0,23284.0,985.0
1,9,2,4,0,928.0,4225.0,197.0
1,9,2,3,0,13311.0,41808.0,567.0
1,9,1,3,0,4371.0,9255.0,537.0
1,9,2,4,0,15908.0,39862.0,1034.0
1,9,2,4,0,10337.0,37123.0,637.0
1,9,4,3,0,1.0,6995.0,177.0
1,9,4,3,0,96.0,2673.0,296.0
1,9,4,3,0,96.0,2942.0,181.0
1,9,1,1,0,4749.0,7665.0,548.0
1,9,1,3,0,1529.0,3287.0,624.0
1,9,2,4,0,163398.0,111962.0,2074.0
1,9,1,3,0,25072.0,42029.0,1524.0
1,9,4,4,0,96.0,2139.0,176.0
1,9,1,3,0,505.0,2429.0,118.0
1,9,1,3,0,2586.0,5880.0,435.0
1,9,2,3,0,7958.0,22830.0,352.0
1,9,4,3,0,1598.0,2817.0,448.0
1,9,4,1,0,27845.0,16152.0,3092.0
1,9,1,3,0,2001.0,4125.0,196.0
1,9,1,3,0,2299.0,6942.0,1709.0
1,9,1,3,0,6170.0,21808.0,683.0
1,9,4,4,0,4.0,3688.0,190.0
1,9,1,4,1,229.0,984.0,100.0
1,9,1,2,0,32181.0,48387.0,2551.0
1,9,2,4,1,1.0,20036.0,521.0
1,9,2,3,0,96.0,19843.0,550.0
1,9,2,3,0,96.0,4584.0,172.0
1,9,1,3,0,3487.0,6642.0,593.0
1,9,4,4,0,2.0,12436.0,466.0
1,9,1,3,0,2896.0,9713.0,331.0
1,9,1,3,0,465.0,1839.0,111.0
1,9,2,4,0,3550.0,16026.0,709.0
1,9,2,4,0,2530.0,9010.0,325.0
1,9,2,4,0,45140.0,50278.0,2148.0
1,9,2,4,0,22056.0,37282.0,868.0
1,9,2,4,0,96.0,14736.0,604.0
1,9,4,4,0,96.0,120.0,21.0
1,9,2,4,0,204132.0,226937.0,3398.0
1,9,1,1,1,2443.0,9244.0,1090.0
1,9,1,3,1,1971.0,14502.0,1094.0
1,9,1,3,0,1054.0,4479.0,350.0
1,9,2,4,1,6185.0,27732.0,203.0
1,9,1,1,1,516.0,2397.0,334.0
1,9,4,4,1,4.0,14413.0,1974.0
1,9,4,3,1,211158.0,73348.0,13530.0
1,9,2,3,1,71217.0,149263.0,3064.0
1,9,2,4,0,4032.0,20935.0,382.0
1,9,2,3,1,506.0,4780.0,84.0
1,9,4,4,1,3387.0,4751.0,761.0
1,9,2,4,0,7700.0,25036.0,761.0
1,9,2,3,0,8168.0,15494.0,384.0
1,9,2,3,0,3169.0,7836.0,346.0
1,9,2,4,0,21563.0,33388.0,391.0
1,9,1,3,0,1451.0,4828.0,342.0
1,9,1,1,0,8236.0,12083.0,856.0
1,9,1,3,1,3985.0,12966.0,538.0
1,9,2,4,0,24499.0,47312.0,1375.0
